robot_id,action_x,action_y,a_inc_x,a_inc_y,cur_vel_x,cur_vel_y,des_vel_x,des_vel_y,ori_goal,raidus,robot_pose_x,robot_pose_y,robot_ori,time_action,time_step
0.0,-0.949999988079071,0.029999999329447746,-0.949999988079071,0.029999999329447746,0.0,0.0,-1.5,0.0,3.14,0.75,9.0,5.0,3.14,0.1323552131652832,0.1
1.0,-0.8100000023841858,-0.6299999952316284,-0.8100000023841858,-0.6299999952316284,0.0,0.0,-1.21,-0.88,-2.51,0.75,8.24,7.35,3.77,0.18595027923583984,0.1
2.0,-0.20000000298023224,-0.7699999809265137,-0.20000000298023224,-0.7699999809265137,0.0,0.0,-0.46,-1.43,-1.88,0.75,6.24,8.8,4.4,0.21818828582763672,0.1
3.0,0.6100000143051147,-0.7400000095367432,0.6100000143051147,-0.7400000095367432,0.0,0.0,0.46,-1.43,-1.26,0.75,3.76,8.8,5.03,0.24814915657043457,0.1
4.0,0.800000011920929,-0.36000001430511475,0.800000011920929,-0.36000001430511475,0.0,0.0,1.21,-0.88,-0.63,0.75,1.76,7.35,5.65,0.04685688018798828,0.1
5.0,0.9100000262260437,-0.05000000074505806,0.9100000262260437,-0.05000000074505806,0.0,0.0,1.5,-0.0,-0.0,0.75,1.0,5.0,6.28,0.02006220817565918,0.1
6.0,0.9100000262260437,0.6100000143051147,0.9100000262260437,0.6100000143051147,0.0,0.0,1.21,0.88,0.63,0.75,1.76,2.65,6.91,0.15860748291015625,0.1
7.0,0.6499999761581421,0.8500000238418579,0.6499999761581421,0.8500000238418579,0.0,0.0,0.46,1.43,1.26,0.75,3.76,1.2,7.54,0.09167289733886719,0.1
8.0,-0.14000000059604645,0.8799999952316284,-0.14000000059604645,0.8799999952316284,0.0,0.0,-0.46,1.43,1.88,0.75,6.24,1.2,8.17,0.07293963432312012,0.1
9.0,-0.6200000047683716,0.5899999737739563,-0.6200000047683716,0.5899999737739563,0.0,0.0,-1.21,0.88,2.51,0.75,8.24,2.65,8.8,0.12235069274902344,0.1
0.0,-1.5100000023841857,0.1500000059604646,-0.5600000023841858,0.15000000596046448,-0.95,0.0,-1.5,0.0,3.14,0.75,8.9,5.0,3.14,0.08847236633300781,0.1
1.0,-0.8632875035356435,-0.2854188170138048,-0.029999999329447746,0.3199999928474426,-0.83,-0.61,-1.21,-0.88,-2.51,0.75,8.15,7.29,-2.51,0.14374947547912598,0.1
2.0,-0.44412342853644066,-0.8613346472771249,-0.20000000298023224,-0.10999999940395355,-0.24,-0.75,-0.46,-1.43,-1.88,0.75,6.21,8.73,-1.88,0.023403167724609375,0.1
3.0,0.03837423857694122,-0.8401253244748895,-0.38999998569488525,-0.05999999865889549,0.43,-0.78,0.46,-1.43,-1.26,0.75,3.8,8.72,-1.07,0.02373504638671875,0.1
4.0,0.544041248570086,0.018719782190328604,-0.20000000298023224,0.44999998807907104,0.74,-0.43,1.21,-0.88,-0.63,0.75,1.84,7.3,-0.53,0.008124828338623047,0.1
5.0,0.7299999928474427,-0.07000000029802322,-0.18000000715255737,-0.07000000029802322,0.91,0.0,1.5,-0.0,-0.0,0.75,1.09,5.0,0.0,0.017179012298583984,0.1
6.0,0.7118285220805535,0.37068591426995967,-0.17000000178813934,-0.27000001072883606,0.88,0.64,1.21,0.88,0.63,0.75,1.85,2.71,0.63,0.030198335647583008,0.1
7.0,0.13922489678995037,0.9543869305438307,-0.33000001311302185,0.05999999865889549,0.47,0.89,0.46,1.43,1.26,0.75,3.8,1.29,1.09,0.11674809455871582,0.1
8.0,-0.5158938056540968,1.4955744954689032,-0.3100000023841858,0.6399999856948853,-0.21,0.86,-0.46,1.43,1.89,0.75,6.21,1.28,1.81,0.039139509201049805,0.1
9.0,-1.283216432690148,0.9938825910679879,-0.6299999952316284,0.44999998807907104,-0.65,0.54,-1.21,0.88,2.51,0.75,8.17,2.7,2.45,0.07349705696105957,0.1
0.0,-0.8199999928474426,0.05999999865889567,0.6800000071525574,0.05999999865889549,-1.5,0.0,-1.5,0.0,3.14,0.75,8.75,5.0,3.14,0.08022761344909668,0.1
1.0,-1.1043526173546487,-0.4165829597318037,-0.33000001311302185,-0.019999999552965164,-0.77,-0.4,-1.21,-0.88,-2.51,0.75,8.08,7.25,-2.67,0.08336734771728516,0.1
2.0,-0.2795569743178328,-0.566017862553774,0.09000000357627869,0.3199999928474426,-0.37,-0.89,-0.46,-1.43,-1.88,0.75,6.18,8.64,-1.97,0.12088894844055176,0.1
3.0,0.3830532798118067,-0.2519898684772013,0.18000000715255737,0.4699999988079071,0.2,-0.72,0.46,-1.43,-1.26,0.75,3.83,8.65,-1.3,0.11582827568054199,0.1
4.0,0.7462276184150771,-0.15171805137369787,0.30000001192092896,-0.03999999910593033,0.45,-0.11,1.21,-0.88,-0.63,0.75,1.88,7.29,-0.25,0.143967866897583,0.1
5.0,0.969999994635582,-0.03999999910593033,0.23999999463558197,-0.03999999910593033,0.73,0.0,1.5,-0.0,-0.0,0.75,1.16,5.0,0.0,0.06559157371520996,0.1
6.0,0.8717048804485307,0.37582755840474996,0.20000000298023224,-0.03999999910593033,0.67,0.42,1.21,0.88,0.63,0.75,1.92,2.76,0.55,0.12416863441467285,0.1
7.0,0.4612054720337592,1.4954614250602183,0.18000000715255737,0.6299999952316284,0.28,0.87,0.46,1.43,1.26,0.75,3.84,1.37,1.26,0.060086965560913086,0.1
8.0,-0.3673332626520004,1.246422703745644,-0.0,-0.2800000011920929,-0.37,1.53,-0.47,1.43,1.89,0.75,6.18,1.43,1.81,0.09696626663208008,0.1
9.0,-0.6349536664981819,1.0265762553318063,0.6100000143051147,-0.009999999776482582,-1.24,1.04,-1.22,0.88,2.52,0.75,8.04,2.8,2.45,0.07479238510131836,0.1
0.0,-0.9499999952316284,0.2500000000000001,-0.12999999523162842,0.25,-0.82,0.0,-1.5,0.0,3.14,0.75,8.67,5.0,3.14,0.13589978218078613,0.1
1.0,-1.2195894984991231,-0.48421336678641225,-0.15000000596046448,-0.009999999776482582,-1.07,-0.47,-1.21,-0.89,-2.51,0.75,7.97,7.19,-2.72,0.15066313743591309,0.1
2.0,-0.4925217667430106,-1.0914492080703053,-0.25,-0.5099999904632568,-0.24,-0.58,-0.46,-1.43,-1.88,0.75,6.15,8.58,-1.97,0.23950719833374023,0.1
3.0,0.04652838163133402,-1.0625703680309404,-0.1599999964237213,-0.7799999713897705,0.21,-0.28,0.46,-1.43,-1.26,0.75,3.84,8.62,-0.94,0.2887716293334961,0.1
4.0,0.5672456089413229,-0.28457765306294946,-0.17000000178813934,-0.10000000149011612,0.74,-0.18,1.21,-0.89,-0.63,0.75,1.95,7.27,-0.25,0.13702869415283203,0.1
5.0,0.7699999970197677,-0.019999999552965164,-0.20000000298023224,-0.019999999552965164,0.97,0.0,1.5,-0.0,-0.0,0.75,1.26,5.0,0.0,0.15783119201660156,0.1
6.0,0.813636920162541,1.0543379907737895,-0.019999999552965164,0.6200000047683716,0.83,0.43,1.21,0.88,0.63,0.75,2.0,2.8,0.48,0.25889015197753906,0.1
7.0,0.17206650884073166,0.8836481415785817,-0.3100000023841858,-0.6000000238418579,0.48,1.48,0.46,1.43,1.26,0.75,3.89,1.52,1.26,0.16911983489990234,0.1
8.0,-0.31416130006157844,1.373916888842844,-0.009999999776482582,0.10999999940395355,-0.3,1.26,-0.47,1.43,1.89,0.75,6.15,1.56,1.81,0.26058220863342285,0.1
9.0,-1.1878150571935784,0.9604490915987087,-0.4399999976158142,0.10000000149011612,-0.75,0.86,-1.22,0.88,2.52,0.75,7.96,2.88,2.29,0.09442758560180664,0.1
0.0,-1.4121064792600588,0.1622103893763962,-0.4699999988079071,0.03999999910593033,-0.94,0.12,-1.5,-0.0,-3.14,0.75,8.58,5.01,3.01,0.2102370262145996,0.1
1.0,-0.9775745612140101,-0.32095685337959456,0.2199999988079071,0.20999999344348907,-1.2,-0.53,-1.21,-0.89,-2.51,0.75,7.85,7.14,-2.72,0.26984405517578125,0.1
2.0,-0.5419462205795,-0.7375223144831491,-0.07999999821186066,0.3700000047683716,-0.46,-1.11,-0.46,-1.43,-1.88,0.75,6.11,8.47,-1.97,0.21191000938415527,0.1
3.0,0.26441879521954936,-0.15989139857577583,-0.029999999329447746,0.6800000071525574,0.29,-0.84,0.46,-1.43,-1.26,0.75,3.88,8.54,-1.23,0.11480879783630371,0.1
4.0,0.5912721480643633,0.02430880421559295,0.009999999776482582,0.23999999463558197,0.58,-0.22,1.21,-0.89,-0.64,0.75,2.01,7.25,-0.36,0.07596158981323242,0.1
5.0,0.7600000002235174,-0.05999999865889549,-0.009999999776482582,-0.05999999865889549,0.77,0.0,1.5,-0.0,-0.0,0.75,1.34,5.0,0.0,0.01840519905090332,0.1
6.0,1.1275459343644259,0.8770190135951151,0.20000000298023224,0.10000000149011612,0.93,0.78,1.21,0.88,0.63,0.75,2.1,2.87,0.7,0.02228403091430664,0.1
7.0,0.4329127495881837,1.371632106361902,0.20999999344348907,0.5099999904632568,0.22,0.86,0.46,1.43,1.26,0.75,3.91,1.61,1.32,0.03711581230163574,0.1
8.0,-0.3998980259918579,1.1408636989883172,-0.07000000029802322,-0.23000000417232513,-0.33,1.37,-0.47,1.42,1.89,0.75,6.11,1.7,1.81,0.07265639305114746,0.1
9.0,-0.8396621328327749,1.1613115215556156,0.23999999463558197,0.11999999731779099,-1.08,1.04,-1.22,0.87,2.52,0.75,7.86,2.99,2.37,0.017795085906982422,0.1
0.0,-0.9382012667100459,0.5126723859383497,0.4699999988079071,0.33000001311302185,-1.41,0.18,-1.5,-0.0,-3.14,0.75,8.44,5.02,3.01,0.10239601135253906,0.1
1.0,-1.081959521569655,-0.3862964098742787,-0.12999999523162842,-0.019999999552965164,-0.95,-0.37,-1.2,-0.89,-2.5,0.75,7.76,7.1,-2.77,0.1364438533782959,0.1
2.0,-0.3177046636153175,-0.694928791934326,0.11999999731779099,0.07999999821186066,-0.44,-0.77,-0.46,-1.43,-1.88,0.75,6.07,8.39,-2.08,0.16192913055419922,0.1
3.0,0.4213129409766635,-0.9962911646539405,0.27000001072883606,-0.8100000023841858,0.15,-0.19,0.46,-1.43,-1.26,0.75,3.9,8.52,-0.89,0.30524110794067383,0.1
4.0,0.6432080187782265,-0.3561687402884622,0.10000000149011612,-0.27000001072883606,0.54,-0.09,1.2,-0.89,-0.64,0.75,2.06,7.24,-0.16,0.05756998062133789,0.1
5.0,0.9499999976158142,-0.11999999731779099,0.1899999976158142,-0.11999999731779099,0.76,0.0,1.5,-0.0,-0.0,0.75,1.41,5.0,0.0,0.10468244552612305,0.1
6.0,0.6161906569101558,0.2882952008924613,-0.47999998927116394,-0.6299999952316284,1.1,0.92,1.21,0.88,0.63,0.75,2.21,2.96,0.7,0.012740612030029297,0.1
7.0,0.15066783672320777,0.8041014272305929,-0.20999999344348907,-0.5899999737739563,0.36,1.39,0.46,1.43,1.26,0.75,3.95,1.75,1.32,0.07820391654968262,0.1
8.0,-0.228723718155874,1.0312020888349618,0.10999999940395355,-0.11999999731779099,-0.34,1.15,-0.47,1.42,1.89,0.75,6.08,1.81,1.86,0.166243314743042,0.1
9.0,-1.033864450088363,0.7651640490394445,-0.10999999940395355,-0.30000001192092896,-0.92,1.07,-1.22,0.87,2.52,0.75,7.76,3.1,2.29,0.18915057182312012,0.1
0.0,-0.7307963801061461,-0.21018350969891075,0.2199999988079071,-0.5199999809265137,-0.95,0.31,-1.5,-0.01,-3.14,0.75,8.34,5.05,2.83,0.04144024848937988,0.1
1.0,-0.2932877298736907,-0.35298124827199717,0.7799999713897705,0.05999999865889549,-1.07,-0.41,-1.2,-0.9,-2.5,0.75,7.65,7.06,-2.77,0.24029183387756348,0.1
2.0,-0.7037702853705077,-0.8617369473747287,-0.33000001311302185,-0.20000000298023224,-0.37,-0.66,-0.45,-1.43,-1.88,0.75,6.03,8.32,-2.08,0.14426279067993164,0.1
3.0,-0.004264865220718006,-1.0313965691174687,-0.5400000214576721,-0.14000000059604645,0.54,-0.89,0.45,-1.43,-1.27,0.75,3.96,8.44,-1.03,0.18901705741882324,0.1
4.0,0.6124738407129828,-0.20445019169659281,-0.03999999910593033,0.019999999552965164,0.65,-0.22,1.2,-0.9,-0.64,0.75,2.13,7.22,-0.33,0.07339882850646973,0.1
5.0,0.7181153442998907,0.08018958351499958,-0.23000000417232513,0.14000000059604645,0.95,-0.06,1.5,0.0,0.0,0.75,1.51,5.0,-0.06,0.028542757034301758,0.1
6.0,0.7566076722516096,0.164665905042286,0.20000000298023224,-0.1899999976158142,0.56,0.35,1.21,0.88,0.63,0.75,2.26,3.0,0.57,0.1316695213317871,0.1
7.0,0.3453802927743044,0.8938632992843732,0.14000000059604645,0.10000000149011612,0.21,0.79,0.46,1.43,1.26,0.75,3.97,1.83,1.32,0.09368276596069336,0.1
8.0,-0.04638325286484912,1.4573018134627298,0.25,0.44999998807907104,-0.3,1.01,-0.47,1.42,1.89,0.75,6.05,1.91,1.86,0.12339639663696289,0.1
9.0,-0.23508360700261077,0.7954649769340165,0.6899999976158142,-0.05999999865889549,-0.93,0.86,-1.23,0.86,2.53,0.75,7.68,3.19,2.4,0.09691786766052246,0.1
0.0,-0.7899089636161265,0.18070948593059355,-0.1599999964237213,0.17000000178813934,-0.63,0.01,-1.5,-0.01,-3.13,0.75,8.28,5.06,3.12,0.16954588890075684,0.1
1.0,-0.525011651966736,-0.15316824152733208,-0.20000000298023224,0.07999999821186066,-0.33,-0.23,-1.2,-0.9,-2.5,0.75,7.62,7.04,-2.52,0.23683452606201172,0.1
2.0,-0.16034321590380252,-0.5683910378420269,0.46000000834465027,0.3400000035762787,-0.62,-0.91,-0.45,-1.43,-1.88,0.75,5.97,8.23,-2.17,0.07749199867248535,0.1
3.0,-0.04683789457971685,-0.28854901331265603,-0.2800000011920929,0.5600000023841858,0.23,-0.85,0.45,-1.43,-1.27,0.75,3.99,8.36,-1.3,0.04284405708312988,0.1
4.0,0.6146492693946284,-0.15143858730083307,0.0,0.05999999865889549,0.61,-0.21,1.2,-0.9,-0.65,0.75,2.19,7.2,-0.33,0.14086699485778809,0.1
5.0,0.9197955232583406,0.027038363983594133,0.20999999344348907,0.009999999776482582,0.71,0.02,1.5,0.0,0.0,0.75,1.58,5.0,0.02,0.07978582382202148,0.1
6.0,0.5850951716355315,0.08775259806194946,-0.09000000357627869,-0.1899999976158142,0.68,0.28,1.21,0.88,0.63,0.75,2.33,3.03,0.39,0.1210930347442627,0.1
7.0,0.24085431585880512,1.3143803182534808,-0.05000000074505806,0.4099999964237213,0.29,0.9,0.46,1.43,1.26,0.75,3.99,1.92,1.26,0.10521745681762695,0.1
8.0,0.04653171326381378,1.44217883984156,0.27000001072883606,0.05000000074505806,-0.22,1.39,-0.48,1.42,1.89,0.75,6.02,2.05,1.73,0.1819443702697754,0.1
9.0,-0.6444180273156064,0.39325049255318956,-0.27000001072883606,-0.20999999344348907,-0.37,0.6,-1.23,0.86,2.53,0.75,7.63,3.24,2.13,0.12291622161865234,0.1
0.0,-0.5842238545569475,0.1053569149400158,0.20000000298023224,0.009999999776482582,-0.78,0.1,-1.5,-0.01,-3.13,0.75,8.2,5.06,3.02,0.07329106330871582,0.1
1.0,-0.2974793224030847,-0.6777346614463835,0.17000000178813934,-0.44999998807907104,-0.47,-0.23,-1.2,-0.9,-2.5,0.75,7.57,7.02,-2.69,0.08873462677001953,0.1
2.0,-0.2570858502414939,-0.9473364731459072,-0.019999999552965164,-0.4399999976158142,-0.24,-0.51,-0.45,-1.43,-1.87,0.75,5.95,8.18,-2.01,0.0804440975189209,0.1
3.0,-0.04565375609935741,-0.5096185869552194,-0.05999999865889549,-0.23999999463558197,0.01,-0.27,0.45,-1.43,-1.27,0.75,3.99,8.33,-1.52,0.14054059982299805,0.1
4.0,0.6157369837354512,-0.35493278927527827,0.019999999552965164,-0.15000000596046448,0.6,-0.2,1.2,-0.91,-0.65,0.75,2.25,7.18,-0.33,0.019675493240356445,0.1
5.0,0.9497350520472836,-0.4079221267715114,0.029999999329447746,-0.4300000071525574,0.92,0.02,1.5,0.0,0.0,0.75,1.67,5.0,0.02,0.03095269203186035,0.1
6.0,0.859452894235666,0.3716625176978611,0.3100000023841858,0.2199999988079071,0.55,0.15,1.21,0.89,0.63,0.75,2.38,3.05,0.27,0.1643064022064209,0.1
7.0,0.22409547334369695,0.7499077749340877,-0.10000000149011612,-0.5400000214576721,0.32,1.29,0.47,1.43,1.26,0.75,4.03,2.04,1.32,0.027980804443359375,0.1
8.0,0.2003734506874416,1.4271686852737764,0.28999999165534973,0.009999999776482582,-0.09,1.42,-0.48,1.42,1.9,0.75,6.0,2.19,1.63,0.14435148239135742,0.1
9.0,-1.1856903471540874,1.0018248045747231,-0.7099999785423279,0.5299999713897705,-0.48,0.47,-1.23,0.86,2.53,0.75,7.59,3.29,2.36,0.2906174659729004,0.1
0.0,-0.3356861720847292,0.031215924876961565,0.25,-0.03999999910593033,-0.59,0.07,-1.5,-0.01,-3.13,0.75,8.14,5.07,3.02,0.2038881778717041,0.1
1.0,-0.7580136969387126,0.0062112215817999306,-0.3700000047683716,0.4099999964237213,-0.39,-0.4,-1.2,-0.9,-2.5,0.75,7.53,6.98,-2.34,0.1894395351409912,0.1
2.0,-0.18366695631533203,-0.7908053376938361,0.15000000596046448,0.11999999731779099,-0.33,-0.91,-0.45,-1.43,-1.87,0.75,5.91,8.09,-1.92,0.1553173065185547,0.1
3.0,0.3409017020425134,-0.2599188377406123,0.3499999940395355,0.25,-0.01,-0.51,0.45,-1.43,-1.26,0.75,4.0,8.28,-1.59,0.22488808631896973,0.1
4.0,0.597056215605464,-0.2601023607050576,-0.03999999910593033,0.029999999329447746,0.64,-0.29,1.19,-0.91,-0.65,0.75,2.32,7.15,-0.43,0.14514946937561035,0.1
5.0,0.45290599332868486,-0.688450346804657,-0.4699999988079071,-0.5099999904632568,0.92,-0.18,1.5,0.0,0.0,0.75,1.77,4.99,-0.19,0.05406594276428223,0.1
6.0,0.43728209754894654,0.12866830269367174,-0.4399999976158142,-0.18000000715255737,0.88,0.31,1.21,0.89,0.64,0.75,2.47,3.08,0.34,0.33898258209228516,0.1
7.0,0.5500710446587795,0.7664872788633793,0.36000001430511475,0.009999999776482582,0.19,0.76,0.47,1.43,1.25,0.75,4.05,2.12,1.32,0.3987853527069092,0.1
8.0,0.2833427074645279,1.4289906155634053,0.23000000417232513,0.019999999552965164,0.05,1.41,-0.49,1.42,1.9,0.75,6.0,2.33,1.53,0.2547316551208496,0.1
9.0,-1.5004777243906546,1.301535055289275,-0.4000000059604645,0.20999999344348907,-1.1,1.09,-1.23,0.85,2.54,0.75,7.48,3.4,2.36,0.4394950866699219,0.1
0.0,-0.7175140605007944,-0.1889603191652349,-0.3799999952316284,-0.23000000417232513,-0.34,0.04,-1.5,-0.02,-3.13,0.75,8.11,5.07,3.02,0.08748531341552734,0.1
1.0,0.1407084717367445,-0.17169191018650876,0.6200000047683716,0.029999999329447746,-0.48,-0.2,-1.2,-0.9,-2.5,0.75,7.48,6.95,-2.74,0.04742074012756348,0.1
2.0,-0.5817449116307468,-0.9261406460319935,-0.3499999940395355,-0.15000000596046448,-0.23,-0.78,-0.45,-1.43,-1.87,0.75,5.88,8.02,-1.86,0.21842050552368164,0.1
3.0,0.009002273194021235,-0.8749855403921255,-0.10000000149011612,-0.6499999761581421,0.11,-0.22,0.45,-1.43,-1.26,0.75,4.0,8.26,-1.12,0.03931689262390137,0.1
4.0,0.6715521975867269,-0.2893807624421487,0.07999999821186066,-0.019999999552965164,0.59,-0.27,1.19,-0.91,-0.65,0.75,2.38,7.13,-0.43,0.22479748725891113,0.1
5.0,0.6019455911958858,-0.12268939030918241,0.11999999731779099,0.20000000298023224,0.48,-0.32,1.5,0.01,0.0,0.75,1.82,4.97,-0.59,0.1277141571044922,0.1
6.0,0.9839244890991977,0.6926746693386027,0.550000011920929,0.5400000214576721,0.43,0.15,1.2,0.89,0.64,0.75,2.51,3.1,0.34,0.07229995727539062,0.1
7.0,0.8401700764155724,0.8983571356374443,0.4699999988079071,0.10000000149011612,0.37,0.8,0.47,1.43,1.26,0.75,4.08,2.2,1.14,0.19140839576721191,0.1
8.0,0.3578680971982271,1.4301819119058208,0.1899999976158142,-0.0,0.17,1.43,-0.5,1.41,1.91,0.75,6.01,2.48,1.45,0.11096572875976562,0.1
9.0,-1.7157715394756543,1.564348016275014,-0.3100000023841858,0.17000000178813934,-1.41,1.39,-1.24,0.85,2.54,0.75,7.34,3.54,2.36,0.11146259307861328,0.1
0.0,-0.7984053340237733,0.22311616204963827,-0.10999999940395355,0.27000001072883606,-0.69,-0.05,-1.5,-0.02,-3.13,0.75,8.04,5.08,-3.07,0.16432881355285645,0.1
1.0,-0.10999999940395355,-0.6800000071525574,-0.10999999940395355,-0.6800000071525574,-0.0,-0.0,-1.2,-0.9,-2.5,0.75,7.48,6.95,-1.81,0.19818520545959473,0.1
2.0,-0.0030891599429654915,-0.576521710400035,0.4300000071525574,0.3799999952316284,-0.43,-0.96,-0.44,-1.43,-1.87,0.75,5.85,7.92,-2.0,0.3183560371398926,0.1
3.0,-0.16900616886469083,-0.35898715252519176,-0.3499999940395355,0.4099999964237213,0.18,-0.77,0.45,-1.43,-1.26,0.75,4.03,8.18,-1.34,0.6365866661071777,0.1
4.0,0.48435861676075387,-0.5425353129572804,-0.18000000715255737,-0.23999999463558197,0.66,-0.3,1.19,-0.91,-0.65,0.75,2.44,7.09,-0.43,0.5402586460113525,0.1
5.0,0.7258884409821462,0.2901333245588795,0.20000000298023224,0.5099999904632568,0.53,-0.22,1.5,0.01,0.01,0.75,1.87,4.94,-0.4,0.42747950553894043,0.1
6.0,0.44087918964152006,0.16187230174495637,-0.5899999737739563,-0.3700000047683716,1.03,0.53,1.2,0.9,0.64,0.75,2.62,3.14,0.48,0.09441184997558594,0.1
7.0,0.704010583592499,0.720139246460811,0.05000000074505806,-0.25,0.65,0.97,0.46,1.43,1.26,0.75,4.14,2.3,0.98,0.19323277473449707,0.1
8.0,0.32259072449284176,1.3561915317401863,0.05999999865889549,-0.07999999821186066,0.26,1.44,-0.52,1.41,1.92,0.75,6.04,2.62,1.39,0.14568090438842773,0.1
9.0,-2.0551695364835116,1.6529382745611834,-0.550000011920929,0.1599999964237213,-1.51,1.49,-1.24,0.84,2.55,0.75,7.19,3.69,2.36,0.11139917373657227,0.1
0.0,-0.32594596860566627,0.06942211493099491,0.44999998807907104,-0.009999999776482582,-0.78,0.08,-1.5,-0.02,-3.13,0.75,7.96,5.08,3.04,0.09328603744506836,0.1
1.0,-0.7456749667863062,-0.04981474562934651,-0.5799999833106995,0.6200000047683716,-0.17,-0.67,-1.2,-0.89,-2.5,0.75,7.47,6.89,-1.81,0.1675407886505127,0.1
2.0,-0.023156599191651916,-1.047779444959379,0.09000000357627869,-0.5299999713897705,-0.11,-0.52,-0.44,-1.43,-1.87,0.75,5.83,7.87,-1.79,0.15219497680664062,0.1
3.0,0.21755887842155602,-0.19829786570499042,0.25,0.10999999940395355,-0.03,-0.31,0.45,-1.43,-1.26,0.75,4.03,8.15,-1.68,0.2314755916595459,0.1
4.0,0.3496687493628575,-0.5670612609591524,-0.1899999976158142,-0.17000000178813934,0.54,-0.4,1.19,-0.91,-0.66,0.75,2.5,7.06,-0.63,0.3400259017944336,0.1
5.0,0.8299820908244092,-0.02447995176645145,0.27000001072883606,-0.019999999552965164,0.56,-0.0,1.5,0.01,0.01,0.75,1.92,4.93,-0.01,0.2700982093811035,0.1
6.0,1.040233722986835,0.6892061201810677,0.6100000143051147,0.5,0.43,0.19,1.2,0.9,0.64,0.75,2.66,3.16,0.41,0.15100812911987305,0.1
7.0,0.9049339772977761,0.8578264979802823,0.2800000011920929,0.09000000357627869,0.62,0.77,0.45,1.43,1.26,0.75,4.2,2.38,0.89,0.18039512634277344,0.1
8.0,0.34000076310311794,1.2073330355169258,0.09000000357627869,-0.1599999964237213,0.25,1.37,-0.53,1.4,1.93,0.75,6.06,2.76,1.39,0.1645524501800537,0.1
9.0,-1.9951695340993258,1.9629382769453692,-0.49000000953674316,0.4699999988079071,-1.51,1.49,-1.25,0.83,2.55,0.75,7.04,3.84,2.36,0.13171935081481934,0.1
0.0,-0.36599269581526533,0.16127145044813143,-0.03999999910593033,0.10999999940395355,-0.33,0.05,-1.5,-0.02,-3.13,0.75,7.93,5.08,2.99,0.10690641403198242,0.1
1.0,0.08368960681171586,0.2823021784053261,0.25999999046325684,0.4300000071525574,-0.18,-0.15,-1.21,-0.89,-2.5,0.75,7.46,6.87,-2.44,0.15174436569213867,0.1
2.0,0.17857896841065818,-0.8828181309370609,0.30000001192092896,0.14000000059604645,-0.12,-1.02,-0.45,-1.43,-1.87,0.75,5.81,7.77,-1.69,0.11124157905578613,0.1
3.0,0.21038897280890928,-0.9189124590834927,0.15000000596046448,-0.7599999904632568,0.06,-0.16,0.45,-1.43,-1.26,0.75,4.03,8.13,-1.21,0.07703351974487305,0.1
4.0,0.32010446690260613,-0.19597395137604195,-0.10000000149011612,0.25999999046325684,0.42,-0.46,1.19,-0.91,-0.66,0.75,2.55,7.02,-0.83,0.08086562156677246,0.1
5.0,1.0099734472942103,-0.23663993334588518,0.18000000715255737,-0.23000000417232513,0.83,-0.01,1.5,0.02,0.01,0.75,2.01,4.93,-0.01,0.05593085289001465,0.1
6.0,1.0198281597385466,-0.06104229658176674,-0.05999999865889549,-0.6499999761581421,1.08,0.59,1.2,0.91,0.65,0.75,2.77,3.22,0.5,0.0528566837310791,0.1
7.0,1.0826512680615632,0.30969158950497977,0.23999999463558197,-0.6000000238418579,0.84,0.91,0.44,1.43,1.27,0.75,4.28,2.48,0.82,0.08939504623413086,0.1
8.0,0.26482082601855556,1.0096160371099412,0.03999999910593033,-0.2199999988079071,0.22,1.23,-0.55,1.4,1.94,0.75,6.08,2.88,1.39,0.10149955749511719,0.1
9.0,-0.7251695531728122,1.1329382638323473,0.7799999713897705,-0.36000001430511475,-1.51,1.49,-1.25,0.82,2.56,0.75,6.89,3.99,2.36,0.2591097354888916,0.1
0.0,-0.9041581774044204,-0.029974381434421937,-0.5299999713897705,-0.14000000059604645,-0.37,0.11,-1.5,-0.02,-3.13,0.75,7.89,5.09,2.86,0.23722100257873535,0.1
1.0,-0.5799999833106995,-0.3400000035762787,-0.5799999833106995,-0.3400000035762787,-0.0,0.0,-1.21,-0.89,-2.5,0.75,7.46,6.87,2.56,0.2350754737854004,0.1
2.0,0.14511326800799862,-0.9992828750721646,0.10999999940395355,-0.14000000059604645,0.04,-0.86,-0.45,-1.43,-1.88,0.75,5.81,7.68,-1.53,0.18381524085998535,0.1
3.0,0.12963985701098496,-0.460052995308341,-0.14000000059604645,0.4300000071525574,0.27,-0.89,0.45,-1.43,-1.26,0.75,4.06,8.05,-1.28,0.2118387222290039,0.1
4.0,0.31803348619887295,-0.638686200762633,0.03999999910593033,-0.4099999964237213,0.28,-0.23,1.19,-0.91,-0.65,0.75,2.57,7.0,-0.69,0.0885000228881836,0.1
5.0,0.5428571218086455,-0.17990653101095486,-0.46000000834465027,-0.05999999865889549,1.0,-0.12,1.5,0.02,0.01,0.75,2.11,4.92,-0.12,0.15666460990905762,0.1
6.0,0.35915995782833543,-0.2907188496282015,-0.49000000953674316,-0.47999998927116394,0.85,0.19,1.19,0.91,0.65,0.75,2.85,3.25,0.22,0.1849353313446045,0.1
7.0,0.698103713281947,1.0123010144547875,-0.11999999731779099,0.5099999904632568,0.82,0.5,0.43,1.44,1.28,0.75,4.35,2.54,0.55,0.11183500289916992,0.1
8.0,0.08705092650118809,0.8530405400955106,-0.10000000149011612,-0.17000000178813934,0.19,1.02,-0.56,1.39,1.95,0.75,6.1,2.98,1.39,0.07270383834838867,0.1
9.0,-1.5431868502890964,1.7290502504201415,-0.7200000286102295,0.7099999785423279,-0.82,1.02,-1.26,0.82,2.57,0.75,6.8,4.09,2.25,0.34833288192749023,0.1
0.0,-0.33318236599290674,0.33807351112509193,0.5199999809265137,0.23000000417232513,-0.85,0.11,-1.5,-0.02,-3.13,0.75,7.81,5.11,3.02,0.39003610610961914,0.1
1.0,0.5000989371633437,-0.362296410850902,0.800000011920929,-0.3700000047683716,-0.3,0.01,-1.2,-0.9,-2.5,0.75,7.43,6.88,3.12,0.19837474822998047,0.1
2.0,-0.46729258221141884,-0.7956933907132833,-0.5600000023841858,0.20000000298023224,0.09,-1.0,-0.46,-1.43,-1.88,0.75,5.82,7.58,-1.48,0.2510793209075928,0.1
3.0,0.509168963533291,-0.2793821876659708,0.3700000047683716,0.18000000715255737,0.14,-0.46,0.45,-1.43,-1.26,0.75,4.07,8.0,-1.28,0.19221067428588867,0.1
4.0,0.3149020452967983,-0.4584823793020625,-0.09000000357627869,0.05000000074505806,0.4,-0.51,1.19,-0.91,-0.65,0.75,2.62,6.95,-0.9,0.08470511436462402,0.1
5.0,0.7565025650686282,-0.08220858981935655,0.20999999344348907,0.03999999910593033,0.55,-0.12,1.5,0.02,0.01,0.75,2.16,4.91,-0.22,0.4450349807739258,0.1
6.0,0.7123181418358114,-0.016305887598044688,0.4300000071525574,0.05000000074505806,0.28,-0.07,1.19,0.91,0.65,0.75,2.88,3.25,-0.23,0.6647825241088867,0.1
7.0,1.062867210206499,0.1404848511937269,0.25,-0.6299999952316284,0.81,0.77,0.42,1.44,1.29,0.75,4.44,2.61,0.76,0.70444655418396,0.1
8.0,-0.5371218353152291,1.1561388972715796,-0.6899999976158142,0.3199999928474426,0.15,0.84,-0.57,1.39,1.96,0.75,6.12,3.07,1.39,0.25568389892578125,0.1
9.0,-0.740986473118034,1.2188266775788354,0.6700000166893005,-0.3499999940395355,-1.41,1.57,-1.27,0.8,2.58,0.75,6.66,4.25,2.3,0.19749236106872559,0.1
0.0,-0.21170352176915563,-0.3760708433796507,0.11999999731779099,-0.5400000214576721,-0.33,0.16,-1.5,-0.03,-3.12,0.75,7.77,5.12,2.68,0.20789337158203125,0.1
1.0,-0.8700000047683716,0.2199999988079071,-0.8700000047683716,0.2199999988079071,-0.0,-0.0,-1.2,-0.9,-2.5,0.75,7.43,6.88,-1.9,0.20169615745544434,0.1
2.0,0.046943186998747666,-0.7020604338808454,0.20999999344348907,0.029999999329447746,-0.16,-0.73,-0.46,-1.43,-1.88,0.75,5.81,7.51,-1.79,0.47902560234069824,0.1
3.0,-0.23552851394474206,-0.7762741566301892,-0.5,-0.44999998807907104,0.26,-0.33,0.45,-1.43,-1.26,0.75,4.09,7.96,-0.89,0.33358001708984375,0.1
4.0,0.7126094307378983,-0.5502543188961238,0.3700000047683716,-0.11999999731779099,0.34,-0.43,1.19,-0.91,-0.65,0.75,2.65,6.91,-0.9,0.08341646194458008,0.1
5.0,1.1798024141275854,-0.2440820286295591,0.4300000071525574,-0.11999999731779099,0.75,-0.12,1.5,0.02,0.01,0.75,2.24,4.9,-0.16,0.15665125846862793,0.1
6.0,0.8843906371839345,0.3415599727779782,0.1899999976158142,0.4300000071525574,0.69,-0.09,1.18,0.92,0.66,0.75,2.95,3.23,-0.13,0.22548794746398926,0.1
7.0,0.7154071467694615,1.0642133235881992,-0.07000000029802322,0.6899999976158142,0.79,0.37,0.41,1.44,1.3,0.75,4.51,2.66,0.44,0.17188048362731934,0.1
8.0,-0.07188953483549737,0.8616031927370771,0.05999999865889549,-0.17000000178813934,-0.13,1.03,-0.58,1.38,1.97,0.75,6.12,3.17,1.7,0.44617152214050293,0.1
9.0,-0.8254871035881478,0.9233705058508386,0.009999999776482582,-0.20000000298023224,-0.84,1.12,-1.27,0.79,2.58,0.75,6.57,4.36,2.21,0.3334665298461914,0.1
0.0,-0.7591067393192553,0.08408959944305189,-0.7400000095367432,0.09000000357627869,-0.02,-0.01,-1.5,-0.03,-3.12,0.75,7.77,5.12,-2.84,0.24009108543395996,0.1
1.0,0.5285128515588849,-0.10345644663813652,0.5899999737739563,-0.07000000029802322,-0.06,-0.03,-1.2,-0.9,-2.5,0.75,7.42,6.87,-2.64,0.39380598068237305,0.1
2.0,-0.0917382500262712,-0.8280288795283266,-0.03999999910593033,-0.15000000596046448,-0.05,-0.68,-0.47,-1.43,-1.89,0.75,5.8,7.44,-1.65,0.2720377445220947,0.1
3.0,-0.38361783713077713,0.14836876773889113,-0.4699999988079071,0.5899999737739563,0.09,-0.44,0.45,-1.43,-1.27,0.75,4.11,7.92,-1.38,0.30090832710266113,0.1
4.0,0.5395227172109067,-0.6708122489250479,-0.07999999821186066,-0.05999999865889549,0.62,-0.61,1.19,-0.91,-0.65,0.75,2.71,6.84,-0.78,0.32034826278686523,0.1
5.0,0.5438985516341062,-0.07591899949026393,-0.6399999856948853,0.11999999731779099,1.18,-0.2,1.5,0.03,0.02,0.75,2.36,4.88,-0.16,0.1779041290283203,0.1
6.0,0.9538994360249495,0.27044755755956024,0.12999999523162842,0.17000000178813934,0.82,0.1,1.18,0.93,0.67,0.75,3.03,3.23,0.12,0.08981895446777344,0.1
7.0,0.24302317140510665,0.6483818199034501,-0.5899999737739563,-0.07000000029802322,0.83,0.72,0.39,1.45,1.31,0.75,4.6,2.72,0.71,0.2927396297454834,0.1
8.0,-0.3390625030234577,0.933056485992328,-0.23000000417232513,0.07999999821186066,-0.11,0.85,-0.58,1.38,1.97,0.75,6.11,3.26,1.7,0.19525909423828125,0.1
9.0,-1.5740350717300244,1.606961237527098,-0.8399999737739563,0.6200000047683716,-0.73,0.99,-1.28,0.78,2.59,0.75,6.5,4.45,2.21,0.16837716102600098,0.1
0.0,-1.2068436153919284,0.05359997927360066,-0.5099999904632568,0.11999999731779099,-0.7,-0.07,-1.5,-0.02,-3.13,0.75,7.7,5.1,-3.05,0.06613802909851074,0.1
1.0,-0.23000000417232513,-0.5199999809265137,-0.23000000417232513,-0.5199999809265137,0.0,-0.0,-1.2,-0.9,-2.5,0.75,7.42,6.87,-1.42,0.22910594940185547,0.1
2.0,-0.30315109502364507,-1.2275940722271197,-0.23999999463558197,-0.4000000059604645,-0.06,-0.83,-0.47,-1.42,-1.89,0.75,5.79,7.36,-1.65,0.41649317741394043,0.1
3.0,0.33000001311302185,-0.33000001311302185,0.33000001311302185,-0.33000001311302185,-0.0,-0.0,0.45,-1.43,-1.27,0.75,4.11,7.92,-2.44,0.3686954975128174,0.1
4.0,0.26637172008719723,-0.2382755125543624,-0.3100000023841858,0.4000000059604645,0.58,-0.64,1.2,-0.9,-0.65,0.75,2.77,6.78,-0.84,0.21416211128234863,0.1
5.0,0.7626201617503615,-0.20979620418814948,0.2199999988079071,-0.11999999731779099,0.54,-0.09,1.5,0.03,0.02,0.75,2.41,4.87,-0.16,0.09941649436950684,0.1
6.0,0.6207912600232677,-0.4469193087984469,-0.3400000035762787,-0.6399999856948853,0.96,0.19,1.17,0.94,0.68,0.75,3.13,3.25,0.2,0.2700934410095215,0.1
7.0,1.0890286817921164,0.7802789093459858,0.7400000095367432,0.2800000011920929,0.35,0.5,0.38,1.45,1.31,0.75,4.64,2.76,0.96,0.22825264930725098,0.1
8.0,-0.5288368337168237,1.4126206589837564,-0.30000001192092896,0.4699999988079071,-0.23,0.94,-0.59,1.38,1.97,0.75,6.09,3.35,1.81,0.19055938720703125,0.1
9.0,-0.9527927649813093,1.199163335181196,0.41999998688697815,-0.38999998569488525,-1.37,1.59,-1.29,0.77,2.61,0.75,6.37,4.62,2.28,0.13596415519714355,0.1
0.0,-0.3196250242992147,0.7800031272865304,0.8799999952316284,0.8100000023841858,-1.2,-0.03,-1.5,-0.02,-3.13,0.75,7.58,5.1,-3.12,0.05805516242980957,0.1
1.0,-0.17292767627282918,-0.3358572337546424,-0.10999999940395355,0.14000000059604645,-0.06,-0.48,-1.21,-0.89,-2.51,0.75,7.42,6.82,-1.7,0.3271615505218506,0.1
2.0,-0.7481102047090687,-1.0242011050463178,-0.550000011920929,0.20999999344348907,-0.2,-1.23,-0.48,-1.42,-1.89,0.75,5.78,7.23,-1.73,0.1834402084350586,0.1
3.0,0.2800000011920929,-0.5299999713897705,0.2800000011920929,-0.5299999713897705,-0.0,-0.0,0.45,-1.43,-1.27,0.75,4.11,7.92,-1.61,0.25209927558898926,0.1
4.0,0.4650872718761235,-0.7140285114340312,0.20999999344348907,-0.46000000834465027,0.26,-0.25,1.2,-0.9,-0.65,0.75,2.8,6.75,-0.78,0.17241287231445312,0.1
5.0,0.45164242823006817,-0.07931619173190044,-0.3199999928474426,0.09000000357627869,0.77,-0.17,1.5,0.03,0.02,0.75,2.49,4.86,-0.22,0.1243131160736084,0.1
6.0,0.9482835762348921,-0.1597624884454729,0.4399999976158142,-0.05000000074505806,0.51,-0.11,1.16,0.95,0.68,0.75,3.18,3.25,-0.21,0.28087639808654785,0.1
7.0,0.3753786756994292,0.356495721702318,-0.5099999904632568,-0.5400000214576721,0.89,0.9,0.37,1.45,1.32,0.75,4.72,2.86,0.79,0.06151700019836426,0.1
8.0,0.11935822334063761,1.2138182681148355,0.5600000023841858,-0.2199999988079071,-0.44,1.43,-0.59,1.38,1.98,0.75,6.05,3.49,1.87,0.05454659461975098,0.1
9.0,-1.5701775692086235,1.5678189873477235,-0.5699999928474426,0.4099999964237213,-1.0,1.16,-1.3,0.75,2.62,0.75,6.27,4.73,2.28,0.095550537109375,0.1
0.0,0.5887328665339573,-0.41609500834275404,0.8399999737739563,-0.5799999833106995,-0.25,0.16,-1.5,-0.02,-3.13,0.75,7.55,5.1,2.56,0.21798419952392578,0.1
1.0,-0.7675827424109739,0.1664509267499748,-0.6600000262260437,0.5099999904632568,-0.11,-0.34,-1.21,-0.89,-2.51,0.75,7.42,6.79,-1.87,0.29320454597473145,0.1
2.0,-0.3049993641645655,-0.6829168363234004,0.12999999523162842,0.36000001430511475,-0.43,-1.04,-0.48,-1.42,-1.89,0.75,5.75,7.12,-1.97,0.24704313278198242,0.1
3.0,0.2240676155575803,-0.7373347841204664,0.10999999940395355,-0.23000000417232513,0.11,-0.51,0.45,-1.43,-1.26,0.75,4.12,7.87,-1.35,0.19510197639465332,0.1
4.0,-0.06650423425959617,-0.26409022415561945,-0.5899999737739563,0.3799999952316284,0.52,-0.64,1.2,-0.9,-0.64,0.75,2.85,6.69,-0.89,0.38093113899230957,0.1
5.0,0.929310766101107,-0.17858917522674977,0.47999998927116394,-0.07999999821186066,0.45,-0.1,1.5,0.04,0.02,0.75,2.53,4.85,-0.22,0.10742044448852539,0.1
6.0,0.5183696967174732,-0.5126384412157208,-0.41999998688697815,-0.3100000023841858,0.94,-0.2,1.15,0.96,0.69,0.75,3.28,3.23,-0.21,0.1392524242401123,0.1
7.0,0.9353943630098209,1.0899823988032413,0.5699999928474426,0.7200000286102295,0.37,0.37,0.36,1.46,1.33,0.75,4.76,2.89,0.79,0.18856096267700195,0.1
8.0,-0.29299083728794895,0.8543367147699421,-0.18000000715255737,-0.27000001072883606,-0.11,1.12,-0.6,1.38,1.98,0.75,6.03,3.61,1.67,0.17076516151428223,0.1
9.0,-0.505866973321119,1.294298207262144,0.8799999952316284,-0.3100000023841858,-1.39,1.6,-1.31,0.74,2.63,0.75,6.13,4.89,2.28,0.16064834594726562,0.1
0.0,-0.1599999964237213,0.05999999865889549,-0.1599999964237213,0.05999999865889549,-0.0,-0.0,-1.5,-0.02,-3.13,0.75,7.55,5.1,-2.17,0.1887969970703125,0.1
1.0,-0.23049116952559306,0.12477474091351612,-0.17000000178813934,0.1599999964237213,-0.06,-0.04,-1.21,-0.89,-2.51,0.75,7.41,6.78,-2.61,0.07329750061035156,0.1
2.0,-0.488716391960007,-0.19220144953220042,-0.20000000298023224,0.5,-0.29,-0.69,-0.48,-1.42,-1.89,0.75,5.72,7.05,-1.97,0.1550912857055664,0.1
3.0,-0.4010921766199569,-0.701245731101228,-0.5699999928474426,0.05000000074505806,0.17,-0.75,0.46,-1.43,-1.26,0.75,4.13,7.8,-1.35,0.5524539947509766,0.1
4.0,0.03452280306887912,-0.6062311503619761,-0.0,-0.44999998807907104,0.03,-0.16,1.2,-0.9,-0.64,0.75,2.86,6.68,-1.35,0.5348680019378662,0.1
5.0,0.8679244317507694,0.05639190749772499,-0.05999999865889549,0.25999999046325684,0.93,-0.2,1.5,0.04,0.03,0.75,2.62,4.83,-0.22,0.1862504482269287,0.1
6.0,0.8862929102495445,-0.10067148021261724,0.3499999940395355,0.1899999976158142,0.54,-0.29,1.15,0.97,0.7,0.75,3.33,3.21,-0.5,0.17209172248840332,0.1
7.0,0.16483454417258425,0.4974515371042687,-0.8399999737739563,-0.5199999809265137,1.0,1.02,0.35,1.46,1.34,0.75,4.86,3.0,0.79,0.1331946849822998,0.1
8.0,-0.7178826325893538,1.6897092979168415,-0.5299999713897705,0.8299999833106995,-0.19,0.86,-0.6,1.37,1.99,0.75,6.02,3.69,1.79,0.08840346336364746,0.1
9.0,-0.7363001249930361,0.7319260988224621,-0.05999999865889549,-0.38999998569488525,-0.68,1.12,-1.32,0.72,2.64,0.75,6.05,5.0,2.11,0.17103314399719238,0.1
0.0,-0.278117665918996,-0.10212613799453392,-0.23999999463558197,-0.09000000357627869,-0.04,-0.01,-1.5,-0.02,-3.13,0.75,7.55,5.1,-2.83,0.11960840225219727,0.1
1.0,-0.7899835504625118,0.11785548689044056,-0.6499999761581421,0.11999999731779099,-0.14,-0.0,-1.21,-0.89,-2.51,0.75,7.4,6.78,-3.13,0.1774890422821045,0.1
2.0,0.5058291839418863,-0.6990632910799921,0.7699999809265137,-0.4399999976158142,-0.26,-0.26,-0.47,-1.42,-1.89,0.75,5.7,7.02,-2.37,0.19759321212768555,0.1
3.0,-0.2789750681700572,0.0066338326749971754,-0.1899999976158142,0.6000000238418579,-0.09,-0.59,0.46,-1.43,-1.26,0.75,4.14,7.74,-1.72,0.23424267768859863,0.1
4.0,0.19222708746565914,-0.6443388821829903,0.10999999940395355,-0.05000000074505806,0.08,-0.59,1.21,-0.89,-0.64,0.75,2.87,6.62,-1.43,0.31809234619140625,0.1
5.0,1.3475752379146233,-0.303778555741819,0.5099999904632568,-0.23999999463558197,0.84,-0.06,1.5,0.04,0.03,0.75,2.71,4.81,-0.08,0.4922831058502197,0.1
6.0,0.2517723006674738,-0.6489911502137371,-0.5400000214576721,-0.4000000059604645,0.79,-0.25,1.13,0.98,0.71,0.75,3.41,3.18,-0.3,0.5445122718811035,0.1
7.0,0.1753260394754398,0.9008929211261646,-0.07000000029802322,0.5,0.25,0.4,0.34,1.46,1.34,0.75,4.89,3.03,1.02,0.5456132888793945,0.1
8.0,-0.40672603241454885,1.3119790120151547,0.11999999731779099,-0.2199999988079071,-0.53,1.53,-0.61,1.37,1.99,0.75,5.97,3.85,1.9,0.4186892509460449,0.1
9.0,-1.5436094152022852,1.2244880927059363,-0.9200000166893005,0.4300000071525574,-0.62,0.79,-1.32,0.71,2.65,0.75,6.0,5.08,2.24,0.19373154640197754,0.1
0.0,-0.3158825339550529,0.23905400497610763,-0.029999999329447746,0.33000001311302185,-0.29,-0.09,-1.5,-0.02,-3.13,0.75,7.52,5.09,-2.83,0.1524975299835205,0.1
1.0,-0.5282443249772174,-0.08736066952337623,0.25999999046325684,-0.14000000059604645,-0.79,0.05,-1.2,-0.9,-2.5,0.75,7.32,6.78,3.07,0.16919803619384766,0.1
2.0,-0.7909277653553628,-0.3995399015696329,-0.7799999713897705,-0.27000001072883606,-0.01,-0.13,-0.47,-1.42,-1.89,0.75,5.69,7.01,-1.65,0.20588922500610352,0.1
3.0,-0.45296544503343117,-0.799302527255244,-0.4300000071525574,-0.7799999713897705,-0.02,-0.02,0.46,-1.43,-1.26,0.75,4.14,7.73,-2.44,0.17081046104431152,0.1
4.0,0.09982761699871148,-0.5550180099508576,-0.03999999910593033,0.09000000357627869,0.14,-0.65,1.21,-0.88,-0.63,0.75,2.88,6.55,-1.36,0.28855443000793457,0.1
5.0,0.6148204201348701,-0.39337552058853004,-0.7400000095367432,-0.1899999976158142,1.35,-0.2,1.5,0.05,0.03,0.75,2.84,4.8,-0.15,0.5360708236694336,0.1
6.0,0.8038391418096633,0.10605273338563598,0.49000000953674316,0.4000000059604645,0.31,-0.29,1.13,0.99,0.72,0.75,3.45,3.15,-0.75,0.21513700485229492,0.1
7.0,0.18191856780511578,0.36144046182773837,-0.12999999523162842,-0.4399999976158142,0.31,0.8,0.34,1.46,1.35,0.75,4.93,3.11,1.2,0.22248005867004395,0.1
8.0,-0.6754411527731311,1.4755625039597147,-0.23000000417232513,0.18000000715255737,-0.45,1.3,-0.61,1.37,1.99,0.75,5.93,3.98,1.9,0.28488898277282715,0.1
9.0,-1.9631083640257374,1.5296237396019767,-0.6399999856948853,0.18000000715255737,-1.32,1.35,-1.33,0.69,2.66,0.75,5.87,5.22,2.35,0.29625844955444336,0.1
0.0,0.31331552506847316,-0.031088060012614126,0.5400000214576721,-0.07000000029802322,-0.23,0.04,-1.5,-0.02,-3.13,0.75,7.5,5.09,2.97,0.2547767162322998,0.1
1.0,-0.03939311191205941,-0.08511585905176086,0.47999998927116394,-0.05999999865889549,-0.52,-0.03,-1.2,-0.9,-2.5,0.75,7.27,6.78,-3.09,0.15021920204162598,0.1
2.0,-0.457132368886064,0.4485777154714063,-0.20000000298023224,0.8299999833106995,-0.26,-0.38,-0.47,-1.42,-1.89,0.75,5.68,6.97,-2.16,0.05776667594909668,0.1
3.0,-0.709965379405818,-0.04116417871509237,-0.1599999964237213,0.6200000047683716,-0.55,-0.66,0.47,-1.42,-1.25,0.75,4.07,7.67,-2.26,0.15944933891296387,0.1
4.0,0.008641614260591013,-0.5872880105835006,-0.10999999940395355,-0.03999999910593033,0.12,-0.55,1.22,-0.88,-0.62,0.75,2.89,6.5,-1.36,0.12620782852172852,0.1
5.0,0.24728658680413518,-0.025396574071607225,-0.3799999952316284,0.20999999344348907,0.63,-0.24,1.5,0.05,0.04,0.75,2.91,4.78,-0.36,0.14417529106140137,0.1
6.0,0.005583995675543185,-0.6459108608694073,-0.47999998927116394,-0.49000000953674316,0.49,-0.16,1.12,1.0,0.73,0.75,3.49,3.13,-0.31,0.11307048797607422,0.1
7.0,0.4850784049887179,0.87276300439235,0.3400000035762787,0.5,0.15,0.37,0.33,1.46,1.35,0.75,4.94,3.15,1.2,0.14055943489074707,0.1
8.0,-0.37672602377187536,1.0919790132072476,0.15000000596046448,-0.4399999976158142,-0.53,1.53,-0.62,1.37,2.0,0.75,5.87,4.13,1.9,0.26780200004577637,0.1
9.0,-0.5541215600757001,1.1438636527939403,0.9300000071525574,-0.3700000047683716,-1.48,1.51,-1.34,0.67,2.68,0.75,5.72,5.38,2.35,0.38783764839172363,0.1
0.0,-0.6700000166893005,-0.4699999988079071,-0.6700000166893005,-0.4699999988079071,0.0,0.0,-1.5,-0.02,-3.13,0.75,7.5,5.09,1.44,0.5624346733093262,0.1
1.0,-0.38316358627635555,-0.4223646242212336,-0.3499999940395355,-0.4000000059604645,-0.03,-0.02,-1.2,-0.9,-2.5,0.75,7.26,6.78,-2.55,0.25198960304260254,0.1
2.0,0.17000000178813934,-0.5099999904632568,0.17000000178813934,-0.5099999904632568,-0.0,-0.0,-0.47,-1.42,-1.89,0.75,5.68,6.97,-3.04,0.3052828311920166,0.1
3.0,-0.1175420403609092,-0.37058325368318146,0.3199999928474426,-0.15000000596046448,-0.44,-0.22,0.48,-1.42,-1.24,0.75,4.04,7.64,-2.67,0.5462441444396973,0.1
4.0,-0.35374779437842924,-0.016203648235809887,-0.41999998688697815,0.5600000023841858,0.07,-0.58,1.22,-0.87,-0.62,0.75,2.9,6.44,-1.46,0.378206729888916,0.1
5.0,0.8536251081331745,-0.13494825639886,0.6200000047683716,-0.07999999821186066,0.23,-0.05,1.5,0.06,0.04,0.75,2.93,4.77,-0.23,0.1839890480041504,0.1
6.0,0.838492964393149,0.19888072877558877,0.7200000286102295,0.36000001430511475,0.12,-0.16,1.12,1.0,0.73,0.75,3.51,3.12,-0.94,0.19394183158874512,0.1
7.0,0.14092687077876598,0.4360583426865915,-0.2800000011920929,-0.46000000834465027,0.42,0.9,0.33,1.46,1.35,0.75,4.98,3.24,1.13,0.15764856338500977,0.1
8.0,0.32283813962875363,1.4469726190733327,0.699999988079071,0.3499999940395355,-0.38,1.1,-0.62,1.37,2.0,0.75,5.84,4.24,1.9,0.13156723976135254,0.1
9.0,-1.3508574965266813,0.6411808949994139,-0.6600000262260437,-0.3400000035762787,-0.69,0.98,-1.35,0.65,2.69,0.75,5.65,5.47,2.18,0.24663639068603516,0.1
0.0,-0.5799999833106995,0.1599999964237213,-0.5799999833106995,0.1599999964237213,-0.0,0.0,-1.5,-0.02,-3.13,0.75,7.5,5.09,2.59,0.17301058769226074,0.1
1.0,-0.7259070179670417,-0.3498907536320512,-0.3100000023841858,0.009999999776482582,-0.42,-0.36,-1.2,-0.9,-2.5,0.75,7.22,6.75,-2.43,0.24483990669250488,0.1
2.0,-0.8899999856948853,0.6600000262260437,-0.8899999856948853,0.6600000262260437,-0.0,-0.0,-0.47,-1.42,-1.89,0.75,5.68,6.97,-2.14,0.6198275089263916,0.1
3.0,-0.5551419519166818,-0.19548794392954336,-0.3799999952316284,0.009999999776482582,-0.18,-0.21,0.49,-1.42,-1.24,0.75,4.02,7.63,-2.28,0.8181722164154053,0.1
4.0,0.11999999731779099,-0.5699999928474426,0.11999999731779099,-0.5699999928474426,-0.0,-0.0,1.22,-0.87,-0.62,0.75,2.9,6.44,-2.28,0.7536892890930176,0.1
5.0,0.5571566191984509,-0.18689792539359834,-0.2800000011920929,0.009999999776482582,0.84,-0.2,1.5,0.06,0.04,0.75,3.02,4.75,-0.23,0.7420566082000732,0.1
6.0,-0.060809758802536085,-0.747122123663194,-0.3799999952316284,-0.6299999952316284,0.32,-0.12,1.11,1.01,0.74,0.75,3.53,3.1,-0.35,0.3967936038970947,0.1
7.0,0.33530794637944894,0.7385370682123338,0.17000000178813934,0.3199999928474426,0.17,0.42,0.33,1.46,1.35,0.75,5.0,3.28,1.19,0.3454580307006836,0.1
8.0,0.06927651529191477,0.8180135907950725,0.14000000059604645,-0.4399999976158142,-0.07,1.26,-0.63,1.36,2.0,0.75,5.81,4.36,1.63,0.07894778251647949,0.1
9.0,-1.8440280528155535,1.2277996500626087,-0.8500000238418579,0.38999998569488525,-0.99,0.84,-1.36,0.64,2.7,0.75,5.56,5.56,2.44,0.1691582202911377,0.1
0.0,-0.11239141299905697,0.4401290818425607,0.41999998688697815,0.20999999344348907,-0.53,0.23,-1.5,-0.03,-3.12,0.75,7.45,5.12,2.73,0.10130834579467773,0.1
1.0,0.12812328882231439,0.18168145210537995,0.7799999713897705,0.6100000143051147,-0.65,-0.43,-1.2,-0.9,-2.5,0.75,7.16,6.7,-2.56,0.1341080665588379,0.1
2.0,0.5699999928474426,0.27000001072883606,0.5699999928474426,0.27000001072883606,-0.0,-0.0,-0.47,-1.42,-1.89,0.75,5.68,6.97,-2.96,0.16824603080749512,0.1
3.0,-0.520357213281025,-0.6487902746938146,-0.10000000149011612,-0.36000001430511475,-0.42,-0.29,0.5,-1.41,-1.23,0.75,3.98,7.59,-2.54,0.5147984027862549,0.1
4.0,-0.4385498545133934,-0.158939713810186,-0.3499999940395355,0.1899999976158142,-0.09,-0.35,1.23,-0.86,-0.61,0.75,2.88,6.41,-1.82,0.004580020904541016,0.1
5.0,0.9243283731446761,0.02491886171401464,0.3499999940395355,0.1599999964237213,0.57,-0.14,1.5,0.07,0.04,0.75,3.07,4.74,-0.23,0.17991280555725098,0.1
6.0,0.827777355632929,0.21152433592191655,0.7200000286102295,0.3799999952316284,0.11,-0.17,1.11,1.01,0.74,0.75,3.55,3.08,-1.0,0.08002567291259766,0.1
7.0,0.20755429668807857,0.6533667341666879,-0.09000000357627869,-0.10000000149011612,0.3,0.75,0.32,1.46,1.35,0.75,5.03,3.35,1.19,0.6334629058837891,0.1
8.0,-0.3787893485730232,0.8899224152465554,-0.38999998569488525,0.07999999821186066,0.01,0.81,-0.64,1.36,2.01,0.75,5.81,4.44,1.56,0.24747824668884277,0.1
9.0,-0.8133956573175987,0.9702548825566637,0.6700000166893005,-0.2800000011920929,-1.48,1.25,-1.36,0.62,2.71,0.75,5.41,5.69,2.44,0.2606477737426758,0.1
0.0,-0.14183224911500272,-0.5570750328651815,0.03999999910593033,-0.7699999809265137,-0.18,0.21,-1.5,-0.03,-3.12,0.75,7.42,5.13,2.28,0.32765817642211914,0.1
1.0,-0.1899999976158142,-0.3199999928474426,-0.1899999976158142,-0.3199999928474426,-0.0,0.0,-1.2,-0.9,-2.5,0.75,7.16,6.7,2.34,0.6012454032897949,0.1
2.0,-0.7599999904632568,-0.10000000149011612,-0.7599999904632568,-0.10000000149011612,-0.0,0.0,-0.47,-1.42,-1.89,0.75,5.68,6.97,1.88,0.0870823860168457,0.1
3.0,-0.9064647020059747,0.09588681280564293,-0.3199999928474426,0.6399999856948853,-0.59,-0.54,0.52,-1.41,-1.22,0.75,3.92,7.54,-2.39,0.11607789993286133,0.1
4.0,0.19554664747809658,-0.6627849207550129,0.3700000047683716,-0.4699999988079071,-0.17,-0.19,1.23,-0.86,-0.61,0.75,2.87,6.39,-2.31,0.11047649383544922,0.1
5.0,0.5853742207065278,-0.39062268126664057,-0.30000001192092896,-0.30000001192092896,0.89,-0.09,1.5,0.07,0.05,0.75,3.16,4.73,-0.1,0.08278107643127441,0.1
6.0,0.251169606645345,-0.7390647559092388,0.0,-0.6399999856948853,0.25,-0.1,1.11,1.01,0.74,0.75,3.57,3.07,-0.38,0.10441827774047852,0.1
7.0,0.5397986634822176,0.8524560238037425,0.28999999165534973,0.2199999988079071,0.25,0.63,0.32,1.47,1.35,0.75,5.05,3.42,1.19,0.19081974029541016,0.1
8.0,-0.7497886492312885,1.363465001563414,-0.5799999833106995,0.5,-0.17,0.86,-0.65,1.35,2.02,0.75,5.8,4.53,1.76,0.6427156925201416,0.1
9.0,-1.6230696143096661,0.3646966185505013,-0.7400000095367432,-0.5199999809265137,-0.88,0.88,-1.37,0.61,2.72,0.75,5.32,5.77,2.36,0.5851283073425293,0.1
0.0,-0.5699999928474426,-0.4300000071525574,-0.5699999928474426,-0.4300000071525574,-0.0,-0.0,-1.5,-0.03,-3.12,0.75,7.42,5.13,-2.91,0.633446216583252,0.1
1.0,-0.8199999928474426,-0.029999999329447746,-0.8199999928474426,-0.029999999329447746,-0.0,-0.0,-1.2,-0.9,-2.5,0.75,7.16,6.7,-3.03,0.28716063499450684,0.1
2.0,-0.5682901211285311,0.7348828975861955,-0.44999998807907104,0.6600000262260437,-0.12,0.07,-0.47,-1.42,-1.89,0.75,5.67,6.98,2.58,0.08673095703125,0.1
3.0,-0.19936062766613516,-0.22928409836885963,0.3700000047683716,-0.03999999910593033,-0.57,-0.19,0.53,-1.4,-1.21,0.75,3.86,7.51,-2.82,0.18283820152282715,0.1
4.0,-0.4101506233108704,-0.20096420829066475,-0.33000001311302185,0.15000000596046448,-0.08,-0.35,1.24,-0.85,-0.6,0.75,2.86,6.36,-1.8,0.1626598834991455,0.1
5.0,0.12346677227138769,0.2903180601063694,-0.46000000834465027,0.5,0.58,-0.21,1.5,0.07,0.05,0.75,3.22,4.71,-0.35,0.20195341110229492,0.1
6.0,0.9148645456887546,0.14796623486364163,0.5699999928474426,0.5099999904632568,0.34,-0.36,1.1,1.02,0.75,0.75,3.61,3.04,-0.81,0.4780287742614746,0.1
7.0,0.018497985669770234,0.8125811860153624,-0.4300000071525574,-0.07000000029802322,0.45,0.88,0.32,1.47,1.36,0.75,5.1,3.51,1.1,0.21130013465881348,0.1
8.0,0.1250712196374153,0.951203413671309,0.6299999952316284,-0.4399999976158142,-0.5,1.39,-0.65,1.35,2.02,0.75,5.76,4.67,1.92,0.4616987705230713,0.1
9.0,-1.7205256006774818,0.9470632435508208,-0.5699999928474426,0.30000001192092896,-1.15,0.65,-1.38,0.6,2.73,0.75,5.21,5.85,2.63,0.16482996940612793,0.1
0.0,-0.2786411234674586,0.08431609211140284,0.3100000023841858,0.36000001430511475,-0.59,-0.28,-1.5,-0.03,-3.12,0.75,7.36,5.11,-2.7,0.5388476848602295,0.1
1.0,-1.0544589461555034,-0.1651662563401221,-0.23999999463558197,-0.07000000029802322,-0.81,-0.1,-1.19,-0.91,-2.49,0.75,7.08,6.69,-3.03,0.22784662246704102,0.1
2.0,-0.33342713252578415,0.805577937311013,0.3100000023841858,0.2199999988079071,-0.64,0.59,-0.45,-1.43,-1.88,0.75,5.6,7.03,2.4,0.31566333770751953,0.1
3.0,-0.6363398432553788,0.3357881085314005,-0.41999998688697815,0.47999998927116394,-0.22,-0.14,0.53,-1.4,-1.21,0.75,3.84,7.5,-2.55,0.44535398483276367,0.1
4.0,0.03002268476050471,-0.7073942907811837,0.20999999344348907,-0.47999998927116394,-0.18,-0.23,1.24,-0.85,-0.6,0.75,2.84,6.33,-2.24,0.2600092887878418,0.1
5.0,0.9083264211039068,-0.15199114099994454,0.8899999856948853,-0.1599999964237213,0.02,0.01,1.5,0.07,0.05,0.75,3.22,4.71,0.41,0.570547342300415,0.1
6.0,0.712831240565163,-0.5358835999428229,0.2199999988079071,-0.3700000047683716,0.49,-0.17,1.09,1.03,0.76,0.75,3.65,3.01,-0.32,0.23133492469787598,0.1
7.0,0.3178869905424252,0.7079945047864544,0.14000000059604645,0.0,0.18,0.71,0.31,1.47,1.36,0.75,5.12,3.58,1.32,0.20723509788513184,0.1
8.0,-1.0026012437186733,0.9549408343260697,-0.9100000262260437,0.10999999940395355,-0.09,0.84,-0.66,1.35,2.03,0.75,5.74,4.76,1.68,0.3428168296813965,0.1
9.0,-0.7127502635523075,1.2176529637250724,0.8299999833106995,0.3499999940395355,-1.54,0.87,-1.38,0.59,2.74,0.75,5.06,5.94,2.63,0.4288020133972168,0.1
0.0,-0.4594300009366977,0.2341736822130888,-0.23999999463558197,0.25,-0.22,-0.02,-1.5,-0.03,-3.12,0.75,7.34,5.11,-3.07,0.6354200839996338,0.1
1.0,-0.8627696044908848,-0.08418035938802797,0.20000000298023224,0.03999999910593033,-1.06,-0.12,-1.19,-0.92,-2.48,0.75,6.97,6.68,-3.03,0.6744251251220703,0.1
2.0,-0.34413962486954025,0.7464187525058412,0.10999999940395355,0.10000000149011612,-0.45,0.65,-0.43,-1.44,-1.86,0.75,5.55,7.09,2.18,0.07961630821228027,0.1
3.0,-0.359558694748476,-0.1173174065244209,-0.019999999552965164,-0.10000000149011612,-0.34,-0.02,0.54,-1.4,-1.2,0.75,3.81,7.49,-3.09,0.059896230697631836,0.1
4.0,-0.8465419743033094,0.006323260432429145,-0.6800000071525574,0.5199999809265137,-0.17,-0.51,1.25,-0.84,-0.59,0.75,2.82,6.28,-1.88,0.04667806625366211,0.1
5.0,0.3341826675915417,-0.4355286020710477,-0.4300000071525574,-0.5299999713897705,0.76,0.09,1.5,0.07,0.05,0.75,3.3,4.73,0.12,0.06745100021362305,0.1
6.0,0.9520998980029728,0.1339624126825405,0.20000000298023224,0.5299999713897705,0.75,-0.4,1.08,1.04,0.77,0.75,3.73,2.98,-0.48,0.019872188568115234,0.1
7.0,0.6492610479976358,0.6379616532170603,0.4000000059604645,-0.07999999821186066,0.25,0.72,0.31,1.47,1.36,0.75,5.14,3.65,1.24,0.0495760440826416,0.1
8.0,-0.3397862890156624,1.880210955907161,0.12999999523162842,0.9300000071525574,-0.47,0.95,-0.66,1.34,2.03,0.75,5.71,4.86,2.03,0.10082530975341797,0.1
9.0,-0.7504673384039512,0.7148020919619278,0.11999999731779099,-0.14000000059604645,-0.87,0.85,-1.38,0.58,2.75,0.75,4.96,6.01,2.37,0.010471343994140625,0.1
0.0,-0.1712293037868895,-0.07258549087389424,0.25999999046325684,-0.1599999964237213,-0.43,0.09,-1.5,-0.03,-3.12,0.75,7.3,5.11,2.94,0.022247791290283203,0.1
1.0,-1.1941210958231823,-0.16096907519136627,-0.33000001311302185,-0.05999999865889549,-0.86,-0.1,-1.18,-0.93,-2.48,0.75,6.88,6.67,-3.03,0.05627584457397461,0.1
2.0,-0.9841822118718635,0.08195207772396707,-0.5799999833106995,-0.6200000047683716,-0.4,0.7,-0.42,-1.44,-1.85,0.75,5.51,7.16,2.09,0.04903578758239746,0.1
3.0,-0.8238248037911551,-0.16731655382539942,-0.46000000834465027,-0.10000000149011612,-0.36,-0.07,0.55,-1.4,-1.2,0.75,3.77,7.49,-2.96,0.04286336898803711,0.1
4.0,0.039191297871761926,-0.7021830960893338,0.25,-0.550000011920929,-0.21,-0.15,1.25,-0.83,-0.59,0.75,2.8,6.26,-2.52,0.05532550811767578,0.1
5.0,0.04822303525820909,0.10173703833823633,-0.20999999344348907,0.20999999344348907,0.26,-0.11,1.5,0.07,0.05,0.75,3.32,4.73,-0.4,0.1365218162536621,0.1
6.0,0.8683995036481377,0.10597684333960383,0.10000000149011612,0.23999999463558197,0.77,-0.13,1.06,1.06,0.78,0.75,3.8,2.95,-0.17,0.10423016548156738,0.1
7.0,0.17845856215690709,0.8429315304520486,-0.25999999046325684,0.15000000596046448,0.44,0.69,0.31,1.47,1.37,0.75,5.18,3.72,1.01,0.10201835632324219,0.1
8.0,-0.08186966906671955,0.9335511588776808,0.41999998688697815,-0.47999998927116394,-0.5,1.41,-0.67,1.34,2.03,0.75,5.66,5.0,1.91,0.04184317588806152,0.1
9.0,-1.5420377407329058,0.8686837516290737,-0.800000011920929,0.14000000059604645,-0.74,0.73,-1.39,0.56,2.76,0.75,4.89,6.09,2.37,0.12615585327148438,0.1
0.0,-0.569250611678682,0.2650249886950687,-0.41999998688697815,0.2800000011920929,-0.15,-0.01,-1.5,-0.03,-3.12,0.75,7.28,5.11,-3.04,0.33848047256469727,0.1
1.0,-0.22189111995550914,0.09073231240339996,0.9700000286102295,0.23000000417232513,-1.19,-0.14,-1.17,-0.94,-2.47,0.75,6.76,6.65,-3.03,0.05908918380737305,0.1
2.0,-0.9228607522611462,1.1000045080491436,-0.44999998807907104,0.800000011920929,-0.47,0.3,-0.41,-1.44,-1.85,0.75,5.47,7.2,2.58,0.031974077224731445,0.1
3.0,-1.1259806286102911,-0.052826765973770284,-0.30000001192092896,0.10000000149011612,-0.83,-0.15,0.56,-1.39,-1.19,0.75,3.69,7.47,-2.96,0.1682746410369873,0.1
4.0,-0.9334100765187425,0.16692982175350352,-0.7699999809265137,0.5099999904632568,-0.16,-0.34,1.25,-0.82,-0.58,0.75,2.78,6.23,-2.02,0.32108330726623535,0.1
5.0,0.8893376586803069,0.09357883597235625,0.8799999952316284,0.09000000357627869,0.01,0.0,1.5,0.07,0.05,0.75,3.33,4.73,0.37,0.12953734397888184,0.1
6.0,1.2097230140896102,0.4384299453757355,0.3700000047683716,0.46000000834465027,0.84,-0.02,1.05,1.07,0.79,0.75,3.89,2.95,-0.03,0.19774174690246582,0.1
7.0,0.5650729549326547,0.5003535742234148,0.25999999046325684,-0.25,0.31,0.75,0.3,1.47,1.37,0.75,5.21,3.79,1.18,0.16475629806518555,0.1
8.0,-0.7933986611817608,1.1592114406346086,-0.6000000238418579,0.27000001072883606,-0.19,0.89,-0.67,1.34,2.04,0.75,5.63,5.08,1.78,0.41654467582702637,0.1
9.0,-0.6970968736510985,1.517139119652325,0.6399999856948853,0.5,-1.34,1.02,-1.4,0.54,2.77,0.75,4.76,6.2,2.49,0.006920576095581055,0.1
0.0,-0.28239742651515043,-0.30970615101980403,0.25,-0.4000000059604645,-0.53,0.09,-1.5,-0.03,-3.12,0.75,7.23,5.11,2.97,0.006913661956787109,0.1
1.0,-0.48806997140402164,-0.4915942157369067,-0.2800000011920929,-0.5199999809265137,-0.21,0.03,-1.17,-0.94,-2.46,0.75,6.74,6.65,3.01,0.027706146240234375,0.1
2.0,-0.3605491170967148,0.2827006559452969,0.6700000166893005,-0.6200000047683716,-1.03,0.9,-0.38,-1.45,-1.83,0.75,5.36,7.28,2.42,0.5243864059448242,0.1
3.0,-1.2726078608902593,-0.11846688283226653,-0.1599999964237213,0.009999999776482582,-1.11,-0.13,0.59,-1.38,-1.17,0.75,3.58,7.45,-3.03,0.1860053539276123,0.1
4.0,0.05759388648470257,-0.7041731761498341,0.2800000011920929,-0.5899999737739563,-0.22,-0.11,1.26,-0.82,-0.58,0.75,2.76,6.21,-2.67,0.16988205909729004,0.1
5.0,0.7363623320559569,-0.4097550467644363,-0.10000000149011612,-0.6100000143051147,0.84,0.2,1.5,0.07,0.04,0.75,3.41,4.75,0.24,0.07236719131469727,0.1
6.0,0.7144196323862606,-0.22725627819102137,-0.4699999988079071,-0.41999998688697815,1.18,0.19,1.04,1.08,0.8,0.75,4.01,2.95,0.16,0.06384587287902832,0.1
7.0,0.2529753936581658,0.8249507648599991,-0.14000000059604645,0.27000001072883606,0.39,0.55,0.29,1.47,1.37,0.75,5.25,3.85,0.95,0.054311513900756836,0.1
8.0,-0.06480316605203484,0.9837243099434634,0.44999998807907104,-0.20999999344348907,-0.51,1.19,-0.68,1.34,2.04,0.75,5.59,5.21,1.98,0.08511590957641602,0.1
9.0,-1.605171548101536,0.427568055986403,-0.6899999976158142,-0.7099999785423279,-0.92,1.14,-1.41,0.51,2.79,0.75,4.66,6.3,2.25,0.49516844749450684,0.1
0.0,-0.9174402322175786,0.13503506678450927,-0.699999988079071,0.20999999344348907,-0.22,-0.07,-1.5,-0.03,-3.12,0.75,7.21,5.11,-2.81,0.13065409660339355,0.1
1.0,-1.1878361528795682,0.4653656577414458,-0.7900000214576721,0.6000000238418579,-0.4,-0.13,-1.17,-0.94,-2.46,0.75,6.7,6.65,-2.82,0.030313968658447266,0.1
2.0,-0.5860237913812514,-0.18690343732631437,-0.23999999463558197,-0.49000000953674316,-0.35,0.3,-0.37,-1.45,-1.82,0.75,5.32,7.31,2.42,0.12135863304138184,0.1
3.0,-0.8315518474888004,0.14318069724535074,0.4399999976158142,0.28999999165534973,-1.27,-0.15,0.61,-1.37,-1.15,0.75,3.45,7.44,-3.03,0.032282352447509766,0.1
4.0,-0.8812235822529721,-0.02596689292130888,-0.75,0.20999999344348907,-0.13,-0.24,1.26,-0.81,-0.57,0.75,2.74,6.2,-2.08,0.011466264724731445,0.1
5.0,0.11427507218851574,-0.1340603105695748,-0.5,-0.05000000074505806,0.61,-0.08,1.5,0.07,0.04,0.75,3.47,4.76,-0.14,0.08312225341796875,0.1
6.0,1.1581821309556704,0.4006780597296833,0.49000000953674316,0.44999998807907104,0.67,-0.05,1.03,1.09,0.81,0.75,4.07,2.96,-0.07,0.05645942687988281,0.1
7.0,-0.07805128278895723,1.1857942037638551,-0.4399999976158142,0.44999998807907104,0.36,0.74,0.29,1.47,1.38,0.75,5.29,3.92,1.11,0.39568066596984863,0.1
8.0,-0.75759233627701,0.5041866918688955,-0.5400000214576721,-0.4000000059604645,-0.22,0.9,-0.68,1.33,2.04,0.75,5.56,5.3,1.81,0.10136795043945312,0.1
9.0,-0.6085909238551779,1.441630454407984,0.44999998807907104,0.7400000095367432,-1.06,0.7,-1.42,0.49,2.81,0.75,4.56,6.38,2.56,0.11585640907287598,0.1
0.0,-0.09645643649740177,0.4538498526508536,0.7200000286102295,0.5299999713897705,-0.82,-0.08,-1.5,-0.02,-3.13,0.75,7.13,5.09,-3.05,0.18846726417541504,0.1
1.0,-0.059725198279149905,0.13320567015537693,0.9200000166893005,0.10999999940395355,-0.98,0.02,-1.16,-0.95,-2.45,0.75,6.61,6.64,3.12,0.04734158515930176,0.1
2.0,-0.7232758484766193,0.8252551858160464,-0.4099999964237213,0.7599999904632568,-0.31,0.07,-0.36,-1.46,-1.82,0.75,5.3,7.33,2.94,0.03783869743347168,0.1
3.0,-1.1396815060203984,-0.10728700240192951,-0.33000001311302185,-0.12999999523162842,-0.81,0.02,0.63,-1.36,-1.14,0.75,3.37,7.43,3.11,0.0368044376373291,0.1
4.0,0.06549025724916713,-0.8137782263041715,0.44999998807907104,-0.5799999833106995,-0.38,-0.23,1.27,-0.81,-0.57,0.75,2.71,6.16,-2.6,0.02759695053100586,0.1
5.0,0.9440857163564479,0.08767468594191809,0.8299999833106995,0.15000000596046448,0.11,-0.06,1.5,0.07,0.04,0.75,3.48,4.75,-0.5,0.03116631507873535,0.1
6.0,0.750564501054741,0.38572297940258155,-0.3700000047683716,0.23999999463558197,1.12,0.15,1.02,1.1,0.83,0.75,4.19,2.96,0.13,0.032538414001464844,0.1
7.0,0.8007508338998881,0.5602470669827315,0.6000000238418579,-0.44999998807907104,0.2,1.01,0.28,1.47,1.38,0.75,5.32,4.02,1.37,0.026653528213500977,0.1
8.0,-1.2839086323861808,0.9791030427234616,-0.8999999761581421,0.4300000071525574,-0.38,0.55,-0.69,1.33,2.05,0.75,5.53,5.36,2.18,0.013693571090698242,0.1
9.0,-1.4099800649119159,0.5105663621474339,-0.5799999833106995,-0.49000000953674316,-0.83,1.0,-1.43,0.47,2.83,0.75,4.47,6.47,2.26,0.09889888763427734,0.1
0.0,0.409716764511414,-0.5003813640795313,0.44999998807907104,-0.5299999713897705,-0.04,0.03,-1.5,-0.02,-3.13,0.75,7.12,5.1,2.51,0.07986903190612793,0.1
1.0,-0.6599669583910691,-0.5867839770300777,-0.6100000143051147,-0.6200000047683716,-0.05,0.03,-1.16,-0.95,-2.45,0.75,6.6,6.64,2.55,0.0062067508697509766,0.1
2.0,-0.02999746368463474,-0.15637425114450942,0.7300000190734863,-0.6000000238418579,-0.76,0.44,-0.34,-1.46,-1.8,0.75,5.21,7.36,2.61,0.017045974731445312,0.1
3.0,-1.3393809985059435,0.05243742865337449,-0.20000000298023224,0.09000000357627869,-1.14,-0.04,0.65,-1.35,-1.13,0.75,3.26,7.43,-3.11,0.0834355354309082,0.1
4.0,0.1816005770212508,-0.829456577332889,0.3499999940395355,-0.5,-0.17,-0.33,1.27,-0.8,-0.56,0.75,2.69,6.14,-2.04,0.13301515579223633,0.1
5.0,0.503618598342038,-0.2400445160787531,-0.27000001072883606,-0.07999999821186066,0.77,-0.16,1.5,0.08,0.05,0.75,3.55,4.73,-0.2,0.15198683738708496,0.1
6.0,1.3641725262660183,0.055210158874723664,0.6100000143051147,-0.18000000715255737,0.75,0.24,1.01,1.11,0.83,0.75,4.26,2.98,0.3,0.10650396347045898,0.1
7.0,0.34800314634368446,1.0246037063684343,-0.03999999910593033,0.4300000071525574,0.39,0.59,0.28,1.47,1.38,0.75,5.35,4.09,0.99,0.0816795825958252,0.1
8.0,-0.42668391104477066,1.5707589670914628,0.6399999856948853,0.46000000834465027,-1.07,1.11,-0.67,1.34,2.04,0.75,5.44,5.48,2.34,0.11690926551818848,0.1
9.0,-0.5748877452075876,1.5725037662278556,0.47999998927116394,0.8299999833106995,-1.05,0.74,-1.43,0.44,2.85,0.75,4.37,6.56,2.53,0.10277199745178223,0.1
0.0,-0.2199999988079071,-0.03999999910593033,-0.2199999988079071,-0.03999999910593033,-0.0,-0.0,-1.5,-0.02,-3.13,0.75,7.12,5.1,-2.33,0.4219517707824707,0.1
1.0,-0.719456307554354,0.20454266803546176,-0.5,0.2199999988079071,-0.22,-0.02,-1.15,-0.96,-2.45,0.75,6.58,6.64,-3.07,0.10100626945495605,0.1
2.0,0.07000000029802322,0.6800000071525574,0.07000000029802322,0.6800000071525574,-0.0,-0.0,-0.34,-1.46,-1.8,0.75,5.21,7.36,-2.71,0.2483997344970703,0.1
3.0,-1.0892723982495205,-0.20415249677169645,0.25,-0.1599999964237213,-1.34,-0.04,0.67,-1.34,-1.11,0.75,3.12,7.43,-3.11,0.1631944179534912,0.1
4.0,-0.6645913090243487,-0.4745565661197667,-0.5799999833106995,0.18000000715255737,-0.08,-0.65,1.28,-0.79,-0.55,0.75,2.67,6.07,-1.7,0.1051638126373291,0.1
5.0,0.8019035547693004,-0.23191492550133558,0.28999999165534973,-0.05999999865889549,0.51,-0.17,1.5,0.08,0.05,0.75,3.61,4.71,-0.32,0.04918074607849121,0.1
6.0,1.0406763158539836,0.1850358784446069,-0.25999999046325684,-0.03999999910593033,1.3,0.23,0.99,1.12,0.85,0.75,4.39,3.01,0.17,0.07543492317199707,0.1
7.0,0.5196985141931172,0.9640218609606516,0.05999999865889549,0.019999999552965164,0.46,0.94,0.27,1.48,1.39,0.75,5.4,4.18,1.12,0.09224939346313477,0.1
8.0,-1.3870824423850958,0.8067947757344958,-0.699999988079071,-0.38999998569488525,-0.69,1.2,-0.66,1.34,2.03,0.75,5.35,5.59,2.09,0.07192254066467285,0.1
9.0,-1.7269972534370355,0.5994834709280499,-0.9100000262260437,-0.44999998807907104,-0.82,1.05,-1.44,0.4,2.87,0.75,4.28,6.65,2.23,0.10054898262023926,0.1
0.0,-0.8083943439286588,0.17449429323448568,-0.6499999761581421,0.25999999046325684,-0.16,-0.09,-1.5,-0.02,-3.13,0.75,7.11,5.08,-2.65,0.20725512504577637,0.1
1.0,0.20375905336399736,0.2924470651857652,0.8999999761581421,0.2199999988079071,-0.7,0.07,-1.15,-0.97,-2.44,0.75,6.51,6.64,3.04,0.48053979873657227,0.1
2.0,0.11999999731779099,-0.38999998569488525,0.11999999731779099,-0.38999998569488525,-0.0,0.0,-0.34,-1.46,-1.8,0.75,5.21,7.36,2.52,0.13114619255065918,0.1
3.0,-1.4434772241123055,-0.1596141592726201,-0.3499999940395355,-0.03999999910593033,-1.09,-0.12,0.69,-1.33,-1.09,0.75,3.01,7.42,-3.03,0.06889891624450684,0.1
4.0,0.36231334719986724,-1.100454376710832,0.6499999761581421,-0.6200000047683716,-0.29,-0.48,1.28,-0.78,-0.54,0.75,2.65,6.02,-2.11,0.37308502197265625,0.1
5.0,0.8768147394736473,0.09576040452877166,0.09000000357627869,0.36000001430511475,0.79,-0.26,1.5,0.09,0.06,0.75,3.69,4.69,-0.32,0.018876075744628906,0.1
6.0,1.064482487959234,0.24071062760099357,0.019999999552965164,0.05999999865889549,1.04,0.18,0.98,1.13,0.86,0.75,4.5,3.03,0.17,0.09286260604858398,0.1
7.0,-0.1927891767537751,1.3499846037534937,-0.6700000166893005,0.3700000047683716,0.48,0.98,0.26,1.48,1.4,0.75,5.45,4.28,1.12,0.15009045600891113,0.1
8.0,-0.21968984252732293,1.7060567364799595,0.7599999904632568,0.7200000286102295,-0.98,0.99,-0.65,1.35,2.02,0.75,5.27,5.7,2.35,0.06558656692504883,0.1
9.0,-0.9713178980874118,1.3149086837197144,0.14000000059604645,0.47999998927116394,-1.11,0.83,-1.45,0.37,2.9,0.75,4.18,6.74,2.5,0.08180499076843262,0.1
0.0,-0.8337478469918639,0.5014640195305233,-0.20999999344348907,0.5899999737739563,-0.62,-0.09,-1.5,-0.02,-3.13,0.75,7.05,5.07,-3.0,0.17994284629821777,0.1
1.0,-0.1899999976158142,-0.30000001192092896,-0.1899999976158142,-0.30000001192092896,-0.0,0.0,-1.15,-0.97,-2.44,0.75,6.51,6.64,2.0,0.1457376480102539,0.1
2.0,-0.9100000262260437,0.5600000023841858,-0.9100000262260437,0.5600000023841858,-0.0,-0.0,-0.34,-1.46,-1.8,0.75,5.21,7.36,-2.52,0.1594991683959961,0.1
3.0,-1.5814018038737885,-0.1776732106817835,-0.14000000059604645,-0.019999999552965164,-1.44,-0.16,0.71,-1.32,-1.07,0.75,2.87,7.41,-3.03,0.0963144302368164,0.1
4.0,-0.5138259807031388,-0.5953629667656961,-0.4300000071525574,0.1599999964237213,-0.08,-0.76,1.29,-0.76,-0.53,0.75,2.63,5.95,-1.68,0.0556643009185791,0.1
5.0,0.7653389338709258,-0.5562321351359131,-0.029999999329447746,-0.4699999988079071,0.8,-0.09,1.5,0.09,0.06,0.75,3.76,4.67,-0.11,0.04575300216674805,0.1
6.0,1.0440433142203946,0.21582508003405804,-0.029999999329447746,0.029999999329447746,1.07,0.19,0.97,1.15,0.87,0.75,4.6,3.04,0.17,0.07309627532958984,0.1
7.0,0.3746273252585479,0.5564252294669692,0.20000000298023224,-0.5600000023841858,0.17,1.12,0.25,1.48,1.4,0.75,5.48,4.38,1.42,0.07376742362976074,0.1
8.0,-0.7661588338947224,1.1809218737652545,-0.2199999988079071,0.09000000357627869,-0.55,1.09,-0.65,1.35,2.02,0.75,5.2,5.79,2.03,0.13640546798706055,0.1
9.0,-1.8557969007026023,1.514501335881842,-0.75,0.4000000059604645,-1.11,1.11,-1.47,0.32,2.93,0.75,4.06,6.85,2.35,0.05684399604797363,0.1
0.0,-0.23485060869608676,0.5709886782912249,0.5099999904632568,0.41999998688697815,-0.74,0.15,-1.5,-0.02,-3.13,0.75,6.97,5.07,2.94,0.10163283348083496,0.1
1.0,-0.7900000214576721,-0.10999999940395355,-0.7900000214576721,-0.10999999940395355,-0.0,0.0,-1.15,-0.97,-2.44,0.75,6.51,6.64,3.07,0.17855405807495117,0.1
2.0,-0.0897396846748093,-0.11460810417188126,0.3199999928474426,-0.10000000149011612,-0.41,-0.01,-0.34,-1.46,-1.8,0.75,5.18,7.34,-3.11,0.3658332824707031,0.1
3.0,-1.6710460176153052,-0.044197622547392235,-0.17000000178813934,0.11999999731779099,-1.5,-0.16,0.74,-1.3,-1.05,0.75,2.72,7.39,-3.03,0.5040292739868164,0.1
4.0,0.5699967914531963,-1.155733449677445,0.8299999833106995,-0.5600000023841858,-0.26,-0.6,1.3,-0.75,-0.52,0.75,2.61,5.89,-1.98,0.11354351043701172,0.1
5.0,0.7750999430701501,-0.5949950572556375,0.009999999776482582,-0.30000001192092896,0.77,-0.29,1.5,0.1,0.07,0.75,3.84,4.65,-0.37,0.023220300674438477,0.1
6.0,1.1243360970854832,0.22241544530219914,0.07000000029802322,0.03999999910593033,1.05,0.18,0.95,1.16,0.88,0.75,4.71,3.06,0.17,0.06569314002990723,0.1
7.0,0.11294895533724353,0.36779728794304056,-0.10999999940395355,-0.20000000298023224,0.22,0.57,0.25,1.48,1.4,0.75,5.5,4.44,1.2,0.19209599494934082,0.1
8.0,-0.0558256974094683,0.9448360353005694,0.6399999856948853,-0.27000001072883606,-0.7,1.21,-0.64,1.36,2.01,0.75,5.13,5.92,2.09,0.08308172225952148,0.1
9.0,-0.653178006792615,1.4149317285468554,0.8399999737739563,-0.09000000357627869,-1.49,1.5,-1.48,0.24,2.98,0.75,3.91,7.0,2.35,0.09233260154724121,0.1
0.0,-0.02222365046343422,-0.3235773795022029,0.23999999463558197,-0.5400000214576721,-0.26,0.22,-1.5,-0.02,-3.13,0.75,6.94,5.08,2.45,0.04728960990905762,0.1
1.0,-0.009513584182781476,0.3924572598869743,0.7699999809265137,0.41999998688697815,-0.78,-0.03,-1.14,-0.98,-2.43,0.75,6.43,6.65,-3.11,0.0103759765625,0.1
2.0,-0.8402151536449138,0.3091891180903461,-0.7599999904632568,0.3499999940395355,-0.08,-0.04,-0.33,-1.46,-1.8,0.75,5.17,7.34,-2.67,0.009261131286621094,0.1
3.0,-1.3011053161197812,-0.5531102041040077,0.1899999976158142,-0.38999998569488525,-1.49,-0.16,0.77,-1.29,-1.04,0.75,2.57,7.37,-3.03,0.015154600143432617,0.1
4.0,-0.03051522014059857,-0.7197712602361933,-0.05000000074505806,0.10999999940395355,0.02,-0.83,1.31,-0.73,-0.51,0.75,2.59,5.81,-1.55,0.04182720184326172,0.1
5.0,0.7499205401635096,-0.12970674921408132,-0.07000000029802322,0.33000001311302185,0.82,-0.46,1.5,0.12,0.08,0.75,3.93,4.61,-0.51,0.03937411308288574,0.1
6.0,0.9231649703935005,0.20605398400611727,-0.20999999344348907,0.009999999776482582,1.13,0.2,0.94,1.17,0.9,0.75,4.82,3.08,0.17,0.037725210189819336,0.1
7.0,0.03888623261095747,1.263709814014312,-0.10000000149011612,0.9100000262260437,0.14,0.35,0.25,1.48,1.4,0.75,5.51,4.48,1.2,0.0543210506439209,0.1
8.0,-0.40237451744451225,0.6747113541547893,-0.1599999964237213,-0.14000000059604645,-0.24,0.81,-0.64,1.35,2.01,0.75,5.1,6.0,1.86,0.002135038375854492,0.1
9.0,-1.4133655315259759,1.088791835339615,-0.5799999833106995,-0.10999999940395355,-0.83,1.2,-1.49,0.17,3.02,0.75,3.82,7.11,2.18,0.034699440002441406,0.1
0.0,-0.8500000238418579,0.15000000596046448,-0.8500000238418579,0.15000000596046448,-0.0,-0.0,-1.5,-0.02,-3.13,0.75,6.94,5.08,-2.74,0.02631378173828125,0.1
1.0,-0.6200000047683716,-0.5099999904632568,-0.6200000047683716,-0.5099999904632568,-0.0,0.0,-1.14,-0.98,-2.43,0.75,6.43,6.65,2.39,0.05239272117614746,0.1
2.0,-1.2389516126545081,0.6142518623889001,-0.6299999952316284,0.6499999761581421,-0.61,-0.04,-0.32,-1.47,-1.79,0.75,5.11,7.33,-3.08,0.048305511474609375,0.1
3.0,-1.7260194306272831,-0.4117794797467819,-0.41999998688697815,-0.07000000029802322,-1.31,-0.34,0.79,-1.28,-1.02,0.75,2.44,7.35,-2.89,0.09445500373840332,0.1
4.0,0.7469024793568728,-0.8998015817801547,0.7300000190734863,-0.18000000715255737,0.02,-0.72,1.32,-0.72,-0.5,0.75,2.59,5.74,-1.55,0.050107479095458984,0.1
5.0,0.4085428983935989,-0.0007893748965110692,-0.27000001072883606,0.23999999463558197,0.68,-0.24,1.49,0.13,0.08,0.75,3.99,4.58,-0.34,0.2311854362487793,0.1
6.0,1.1562391920042994,0.2102528226371073,0.23000000417232513,0.05000000074505806,0.93,0.16,0.92,1.18,0.91,0.75,4.92,3.1,0.17,0.12207293510437012,0.1
7.0,0.7789342783448958,0.675766013679644,0.5400000214576721,-0.49000000953674316,0.24,1.17,0.24,1.48,1.41,0.75,5.55,4.59,1.37,0.028753280639648438,0.1
8.0,-0.7351436262424234,0.45605127626961417,-0.4300000071525574,-0.23999999463558197,-0.31,0.7,-0.65,1.35,2.02,0.75,5.07,6.07,1.98,0.0912618637084961,0.1
9.0,-0.5717550496054216,1.5216614905464048,0.6000000238418579,0.28999999165534973,-1.17,1.23,-1.5,0.08,3.09,0.75,3.71,7.24,2.33,0.04810333251953125,0.1
0.0,-0.14516127663482636,0.7766671958449824,0.5699999928474426,0.8600000143051147,-0.72,-0.08,-1.5,-0.02,-3.13,0.75,6.87,5.06,-3.03,0.03641080856323242,0.1
1.0,-0.5699432821013762,0.7933675315944598,-0.4699999988079071,0.7900000214576721,-0.1,0.0,-1.14,-0.98,-2.43,0.75,6.42,6.65,3.11,0.2285594940185547,0.1
2.0,-0.24599328308564772,0.4888300259907046,0.9300000071525574,0.25,-1.18,0.24,-0.29,-1.47,-1.77,0.75,4.99,7.34,2.94,0.03647804260253906,0.1
3.0,-0.9791780524879152,-0.6549451667151558,0.5299999713897705,-0.25999999046325684,-1.51,-0.39,0.81,-1.26,-1.0,0.75,2.29,7.31,-2.89,0.00968170166015625,0.1
4.0,0.16278126746642813,-0.9415174128248665,-0.1599999964237213,-0.07999999821186066,0.32,-0.86,1.32,-0.71,-0.49,0.75,2.61,5.65,-1.21,0.008469343185424805,0.1
5.0,0.3143118855025526,-0.016365460395546774,-0.07000000029802322,0.05000000074505806,0.38,-0.07,1.49,0.13,0.09,0.75,4.03,4.57,-0.17,0.011262893676757812,0.1
6.0,1.1527257892040808,0.24116843509807723,-0.009999999776482582,0.03999999910593033,1.16,0.2,0.91,1.2,0.92,0.75,5.03,3.12,0.17,0.018882036209106445,0.1
7.0,-0.2860576159957234,0.2578500755601232,-0.699999988079071,-0.44999998807907104,0.41,0.71,0.24,1.48,1.41,0.75,5.57,4.67,1.04,0.009270191192626953,0.1
8.0,-0.09503746516602174,0.28650736393549914,0.3700000047683716,-0.25,-0.47,0.54,-0.64,1.35,2.01,0.75,5.04,6.13,2.28,0.04447817802429199,0.1
9.0,-1.6692601532634792,0.9119857802661491,-0.8799999952316284,-0.3400000035762787,-0.79,1.25,-1.5,-0.01,-3.14,0.75,3.62,7.36,2.13,0.01316976547241211,0.1
0.0,0.499746436633999,-0.5803411385873241,0.5400000214576721,-0.6100000143051147,-0.04,0.03,-1.5,-0.02,-3.13,0.75,6.87,5.06,2.51,0.002721548080444336,0.1
1.0,0.350792833229045,-0.17726377139372218,0.8799999952316284,-0.46000000834465027,-0.53,0.28,-1.13,-0.99,-2.42,0.75,6.36,6.66,2.65,0.029800891876220703,0.1
2.0,-0.6201815241423122,-0.11359761691314674,-0.3499999940395355,-0.3199999928474426,-0.27,0.21,-0.29,-1.47,-1.76,0.75,4.96,7.35,2.49,0.15313458442687988,0.1
3.0,-0.47218653469586425,-0.8356076944006,0.5400000214576721,-0.3799999952316284,-1.01,-0.46,0.83,-1.25,-0.98,0.75,2.18,7.27,-2.72,0.012214183807373047,0.1
4.0,0.6057209562342541,-0.8573153902284757,0.36000001430511475,0.05000000074505806,0.25,-0.91,1.33,-0.69,-0.48,0.75,2.64,5.56,-1.31,0.016997098922729492,0.1
5.0,0.5780577223416927,-0.19464745399061972,0.27000001072883606,-0.1599999964237213,0.31,-0.03,1.49,0.13,0.09,0.75,4.06,4.57,-0.11,0.024785518646240234,0.1
6.0,0.982725781828006,0.24116843509807723,-0.18000000715255737,0.03999999910593033,1.16,0.2,0.89,1.21,0.94,0.75,5.15,3.14,0.17,0.11063885688781738,0.1
7.0,0.5477412321225549,0.9190551605213959,0.5600000023841858,0.8399999737739563,-0.01,0.08,0.24,1.48,1.41,0.75,5.58,4.68,1.72,0.03407454490661621,0.1
8.0,-0.18843561058901795,0.2433836106378795,-0.05000000074505806,0.0,-0.14,0.24,-0.64,1.36,2.01,0.75,5.02,6.15,2.09,0.03210115432739258,0.1
9.0,-0.9390909721135827,1.3311518466196561,0.18000000715255737,0.23000000417232513,-1.12,1.1,-1.5,-0.11,-3.07,0.75,3.52,7.48,2.36,0.0271761417388916,0.1
0.0,0.20999999344348907,0.4699999988079071,0.20999999344348907,0.4699999988079071,-0.0,-0.0,-1.5,-0.02,-3.13,0.75,6.87,5.06,-2.32,0.3413689136505127,0.1
1.0,-0.6600000262260437,-0.5299999713897705,-0.6600000262260437,-0.5299999713897705,0.0,0.0,-1.13,-0.99,-2.42,0.75,6.36,6.66,1.09,0.053373098373413086,0.1
2.0,-1.0584204793833152,0.6579422942978239,-0.6499999761581421,0.5600000023841858,-0.41,0.1,-0.28,-1.47,-1.76,0.75,4.92,7.37,2.91,0.05515694618225098,0.1
3.0,-0.14864385940296476,-0.9291764366408981,0.41999998688697815,-0.4099999964237213,-0.57,-0.52,0.85,-1.24,-0.97,0.75,2.12,7.23,-2.4,0.04878973960876465,0.1
4.0,0.4512122720513642,-1.055924223860639,0.029999999329447746,-0.1599999964237213,0.42,-0.9,1.34,-0.68,-0.47,0.75,2.67,5.46,-1.13,0.07918787002563477,0.1
5.0,0.8757991655502775,-0.47976642985411777,0.28999999165534973,-0.3499999940395355,0.59,-0.13,1.49,0.14,0.09,0.75,4.12,4.56,-0.22,0.31523776054382324,0.1
6.0,1.125214441731941,0.22218654341630245,0.12999999523162842,0.05000000074505806,1.0,0.17,0.87,1.22,0.95,0.75,5.25,3.16,0.17,0.1429753303527832,0.1
7.0,-0.6633973270030626,0.9749072045453475,-0.8199999928474426,0.17000000178813934,0.16,0.8,0.24,1.48,1.41,0.75,5.58,4.76,1.38,0.15715670585632324,0.1
8.0,-0.05644916257324978,0.3895890157331048,0.10999999940395355,0.14000000059604645,-0.17,0.25,-0.64,1.36,2.01,0.75,5.0,6.18,2.16,0.16840648651123047,0.1
9.0,-1.4549979886635882,0.6601553714590083,-0.41999998688697815,-0.5600000023841858,-1.03,1.22,-1.48,-0.22,-2.99,0.75,3.41,7.6,2.27,0.0027446746826171875,0.1
0.0,0.2800000011920929,-0.550000011920929,0.2800000011920929,-0.550000011920929,-0.0,0.0,-1.5,-0.02,-3.13,0.75,6.87,5.06,2.56,0.04850006103515625,0.1
1.0,-0.3199999928474426,0.6700000166893005,-0.3199999928474426,0.6700000166893005,-0.0,0.0,-1.13,-0.99,-2.42,0.75,6.36,6.66,2.45,0.02875971794128418,0.1
2.0,-0.7189710686076731,0.06446893662018904,0.3700000047683716,-0.38999998569488525,-1.09,0.45,-0.25,-1.48,-1.74,0.75,4.81,7.4,2.75,0.14521336555480957,0.1
3.0,0.06858027931833349,-0.9112328129870976,0.41999998688697815,-0.25999999046325684,-0.35,-0.65,0.86,-1.23,-0.96,0.75,2.07,7.17,-2.07,0.006612062454223633,0.1
4.0,0.5092869830178175,-0.7507200705188475,0.019999999552965164,0.28999999165534973,0.49,-1.04,1.35,-0.66,-0.46,0.75,2.72,5.36,-1.13,0.05992603302001953,0.1
5.0,0.46846094357825996,-1.0681832830175726,-0.4300000071525574,-0.7300000190734863,0.9,-0.34,1.49,0.15,0.1,0.75,4.21,4.53,-0.36,0.04348039627075195,0.1
6.0,1.1131649642840244,0.2860539878059134,-0.019999999552965164,0.09000000357627869,1.13,0.2,0.85,1.24,0.97,0.75,5.36,3.18,0.17,0.03691720962524414,0.1
7.0,0.43279433718940347,1.5629835535551018,0.6000000238418579,0.75,-0.17,0.81,0.25,1.48,1.41,0.75,5.58,4.84,1.77,0.10083627700805664,0.1
8.0,-1.0688915002279262,0.8561353413907051,-0.9399999976158142,0.5199999809265137,-0.13,0.34,-0.64,1.36,2.01,0.75,4.99,6.21,1.94,0.024975061416625977,0.1
9.0,-0.9695611713170189,1.2372422413756752,0.18000000715255737,0.3700000047683716,-1.15,0.87,-1.46,-0.33,-2.92,0.75,3.31,7.7,2.5,0.036586761474609375,0.1
0.0,-0.8299999833106995,0.07000000029802322,-0.8299999833106995,0.07000000029802322,-0.0,-0.0,-1.5,-0.02,-3.13,0.75,6.87,5.06,-2.41,0.09351706504821777,0.1
1.0,-1.0034901467888002,-0.1328132691653655,-0.5899999737739563,-0.6600000262260437,-0.41,0.53,-1.12,-1.0,-2.41,0.75,6.32,6.71,2.24,0.018930673599243164,0.1
2.0,-1.3298338012220832,0.5755980455503801,-0.6600000262260437,0.4099999964237213,-0.67,0.17,-0.23,-1.48,-1.73,0.75,4.74,7.43,2.9,0.023192882537841797,0.1
3.0,0.13960583123712075,-1.0631093615099172,0.30000001192092896,-0.3100000023841858,-0.16,-0.75,0.87,-1.22,-0.95,0.75,2.05,7.1,-1.78,0.015351057052612305,0.1
4.0,0.4552207682705122,-0.7221626872969009,0.009999999776482582,0.05999999865889549,0.45,-0.78,1.35,-0.65,-0.45,0.75,2.77,5.28,-1.05,0.05378127098083496,0.1
5.0,0.7876749043993407,-0.5674389742320199,0.20000000298023224,-0.009999999776482582,0.59,-0.56,1.49,0.16,0.11,0.75,4.28,4.49,-0.76,0.046204566955566406,0.1
6.0,1.543164960260711,0.8460539603877768,0.4099999964237213,0.6499999761581421,1.13,0.2,0.83,1.25,0.98,0.75,5.47,3.2,0.17,0.07160758972167969,0.1
7.0,-0.6959740239466239,1.488942055442379,-0.75,0.10999999940395355,0.05,1.38,0.26,1.48,1.4,0.75,5.57,4.98,1.53,0.065643310546875,0.1
8.0,-0.23629566624096598,0.5226659015233863,0.46000000834465027,-0.4300000071525574,-0.7,0.95,-0.64,1.36,2.01,0.75,4.93,6.31,2.2,0.053704261779785156,0.1
9.0,-1.5545166793792586,0.6849993332012572,-0.4699999988079071,-0.3799999952316284,-1.08,1.06,-1.43,-0.45,-2.84,0.75,3.19,7.8,2.37,0.14647650718688965,0.1
0.0,0.1392955066136139,0.329615281862634,0.6800000071525574,0.5099999904632568,-0.54,-0.18,-1.5,-0.01,-3.14,0.75,6.82,5.04,-2.82,0.14529109001159668,0.1
1.0,-0.14234445901949394,0.8323296496727933,0.33000001311302185,0.6399999856948853,-0.47,0.19,-1.11,-1.01,-2.4,0.75,6.28,6.74,2.75,0.03424263000488281,0.1
2.0,-0.9849747228106156,0.04710337002882342,0.3700000047683716,-0.4099999964237213,-1.35,0.46,-0.2,-1.49,-1.7,0.75,4.61,7.47,2.82,0.05021095275878906,0.1
3.0,0.18977150649870608,-1.0391985268625212,0.23000000417232513,-0.029999999329447746,-0.04,-1.01,0.88,-1.22,-0.94,0.75,2.03,7.0,-1.61,0.0610964298248291,0.1
4.0,0.47048628210053045,-0.628709203998743,0.05000000074505806,0.10999999940395355,0.42,-0.74,1.36,-0.64,-0.44,0.75,2.81,5.21,-1.05,0.0978693962097168,0.1
5.0,0.4691725323014323,-0.5125552626535903,-0.27000001072883606,0.10000000149011612,0.74,-0.61,1.49,0.19,0.12,0.75,4.35,4.42,-0.69,0.05203866958618164,0.1
6.0,1.2260058582856292,0.6437886406644974,-0.30000001192092896,0.10000000149011612,1.53,0.54,0.8,1.27,1.01,0.75,5.63,3.24,0.34,0.1322932243347168,0.1
7.0,-0.12839824244478382,1.1412325037197184,0.1599999964237213,-0.28999999165534973,-0.29,1.43,0.27,1.47,1.39,0.75,5.55,5.12,1.77,0.024523258209228516,0.1
8.0,-1.1822087767596645,0.9736922596948889,-0.8999999761581421,0.49000000953674316,-0.28,0.48,-0.63,1.36,2.01,0.75,4.9,6.36,2.1,0.2980339527130127,0.1
9.0,-1.6672375837869542,0.5581595131763794,-0.38999998569488525,-0.3199999928474426,-1.28,0.88,-1.39,-0.58,-2.75,0.75,3.07,7.89,2.54,0.053395748138427734,0.1
0.0,0.0,0.0,0.0,0.0,-0.0,0.0,-1.5,-0.01,-3.14,0.75,6.82,5.04,2.32,0.053395748138427734,0.1
1.0,0.0,0.0,0.0,0.0,-0.28,0.35,-1.1,-1.02,-2.4,0.75,6.24,6.77,2.25,0.053395748138427734,0.1
2.0,0.0,0.0,0.0,0.0,-0.93,0.18,-0.18,-1.49,-1.69,0.75,4.51,7.49,2.96,0.053395748138427734,0.1
3.0,0.0,0.0,0.0,0.0,0.07,-1.03,0.89,-1.21,-0.94,0.75,2.04,6.9,-1.5,0.053395748138427734,0.1
4.0,0.0,0.0,0.0,0.0,0.43,-0.65,1.36,-0.63,-0.43,0.75,2.85,5.14,-0.99,0.053395748138427734,0.1
5.0,0.0,0.0,0.0,0.0,0.5,-0.48,1.49,0.2,0.13,0.75,4.4,4.38,-0.76,0.053395748138427734,0.1
6.0,0.0,0.0,0.0,0.0,1.25,0.55,0.78,1.28,1.02,0.75,5.76,3.29,0.41,0.053395748138427734,0.1
7.0,0.0,0.0,0.0,0.0,-0.23,1.12,0.29,1.47,1.38,0.75,5.53,5.23,1.77,0.053395748138427734,0.1
8.0,0.0,0.0,0.0,0.0,-0.93,1.1,-0.62,1.37,2.0,0.75,4.82,6.47,2.28,0.053395748138427734,0.1
9.0,0.0,0.0,0.0,0.0,-1.38,0.71,-1.33,-0.7,-2.65,0.75,2.94,7.97,2.66,0.053395748138427734,0.1
