abs_action_x,abs_action_y,curr_vel_x,curr_vel_y,des_vel_x,des_vel_y,ori_goal,raidus,robot_pose_x,robot_pose_y,robot_ori,action_x,action_y,time_action,time_step
1.0,0.6200000047683716,0.0,0.0,0.55,0.0,0.0,0.4,0.0,0.0,0.0,1.0,0.6200000047683716,0.11692452430725098,0.1
1.3980703695242138,-0.4293712006831525,0.51,0.21,0.55,-0.0,-0.0,0.4,0.05,0.01,0.39,0.8899999856948853,-0.6399999856948853,0.07942724227905273,0.1
1.3069064812197757,0.6542392823365726,0.34,-0.05,0.55,-0.0,-0.0,0.4,0.09,0.01,-0.14,0.9700000286102295,0.699999988079071,0.025648832321166992,0.1
1.3853958390307777,-0.229924865878838,0.45,0.15,0.55,-0.0,-0.0,0.4,0.13,0.02,0.32,0.9399999976158142,-0.3799999952316284,0.08727478981018066,0.1
1.3697244198248704,0.5042531963545623,0.45,-0.02,0.55,-0.0,-0.0,0.4,0.18,0.03,-0.04,0.9200000166893005,0.5199999809265137,0.00494384765625,0.1
1.3871365991557127,-0.3462741224824928,0.5,0.18,0.55,-0.0,-0.0,0.4,0.23,0.03,0.35,0.8899999856948853,-0.5299999713897705,0.08030295372009277,0.1
1.3478387371405185,0.5884749456203073,0.4,-0.04,0.55,-0.0,-0.01,0.4,0.27,0.04,-0.1,0.949999988079071,0.6299999952316284,0.03822588920593262,0.1
1.3917861536386589,-0.2661294639987718,0.46,0.16,0.55,-0.0,-0.01,0.4,0.32,0.04,0.34,0.9300000071525574,-0.4300000071525574,0.05125117301940918,0.1
1.3593497960847247,0.516361943196033,0.43,-0.02,0.55,-0.0,-0.01,0.4,0.36,0.05,-0.06,0.9300000071525574,0.5400000214576721,0.1212911605834961,0.1
1.3886518494320532,-0.35218167439562664,0.49,0.18,0.55,-0.0,-0.01,0.4,0.41,0.06,0.35,0.8999999761581421,-0.5299999713897705,0.02724003791809082,0.1
1.3475824272617498,0.5960886653600153,0.4,-0.04,0.55,-0.0,-0.01,0.4,0.45,0.06,-0.11,0.949999988079071,0.6399999856948853,0.001743316650390625,0.1
1.3922756864946026,-0.3175155398956911,0.46,0.16,0.55,-0.01,-0.01,0.4,0.5,0.07,0.34,0.9300000071525574,-0.47999998927116394,0.027711868286132812,0.1
1.3482282301696298,0.5519249144044979,0.41,-0.04,0.55,-0.01,-0.01,0.4,0.54,0.07,-0.09,0.9399999976158142,0.5899999737739563,0.06575846672058105,0.1
1.3903684094132727,-0.3504311892039,0.47,0.17,0.55,-0.01,-0.01,0.4,0.59,0.08,0.35,0.9200000166893005,-0.5199999809265137,0.10866165161132812,0.1
1.3475383171575306,0.5556911430897273,0.4,-0.04,0.55,-0.01,-0.01,0.4,0.63,0.08,-0.11,0.949999988079071,0.6000000238418579,0.050592660903930664,0.1
1.392437939779077,-0.31797789674020516,0.46,0.16,0.55,-0.01,-0.01,0.4,0.68,0.09,0.34,0.9300000071525574,-0.47999998927116394,0.12790346145629883,0.1
1.348189951002507,0.5515167052775102,0.41,-0.04,0.55,-0.01,-0.01,0.4,0.72,0.1,-0.09,0.9399999976158142,0.5899999737739563,0.056891679763793945,0.1
1.3903684094132727,-0.35043118920389993,0.47,0.17,0.55,-0.01,-0.01,0.4,0.77,0.1,0.35,0.9200000166893005,-0.5199999809265137,0.08472371101379395,0.1
1.3475383171575306,0.5556911430897273,0.4,-0.04,0.55,-0.01,-0.01,0.4,0.8,0.11,-0.11,0.949999988079071,0.6000000238418579,0.05676150321960449,0.1
1.392437939779077,-0.3179778967402051,0.46,0.16,0.55,-0.01,-0.02,0.4,0.85,0.11,0.34,0.9300000071525574,-0.47999998927116394,0.16614723205566406,0.1
1.348189951002507,0.5515167052775103,0.41,-0.04,0.55,-0.01,-0.02,0.4,0.89,0.12,-0.09,0.9399999976158142,0.5899999737739563,0.043853044509887695,0.1
1.3903684094132727,-0.35043118920389993,0.47,0.17,0.55,-0.01,-0.02,0.4,0.94,0.12,0.35,0.9200000166893005,-0.5199999809265137,0.08951330184936523,0.1
1.3475383171575306,0.5556911430897274,0.4,-0.04,0.55,-0.01,-0.02,0.4,0.98,0.13,-0.11,0.949999988079071,0.6000000238418579,0.03531050682067871,0.1
1.392437939779077,-0.31797789674020505,0.46,0.16,0.55,-0.01,-0.02,0.4,1.03,0.13,0.34,0.9300000071525574,-0.47999998927116394,0.026497840881347656,0.1
1.348189951002507,0.5515167052775103,0.41,-0.04,0.55,-0.01,-0.02,0.4,1.07,0.14,-0.09,0.9399999976158142,0.5899999737739563,0.02124166488647461,0.1
1.3903684094132727,-0.35043118920389993,0.47,0.17,0.55,-0.01,-0.02,0.4,1.12,0.14,0.35,0.9200000166893005,-0.5199999809265137,0.07211756706237793,0.1
1.3475383171575306,0.5556911430897274,0.4,-0.04,0.55,-0.01,-0.02,0.4,1.16,0.15,-0.11,0.949999988079071,0.6000000238418579,0.0018925666809082031,0.1
1.392437939779077,-0.31797789674020505,0.46,0.16,0.55,-0.01,-0.02,0.4,1.21,0.15,0.34,0.9300000071525574,-0.47999998927116394,0.005271196365356445,0.1
1.348189951002507,0.5515167052775103,0.41,-0.04,0.55,-0.01,-0.02,0.4,1.25,0.16,-0.09,0.9399999976158142,0.5899999737739563,0.0022406578063964844,0.1
1.3903684094132727,-0.3504311892038999,0.47,0.17,0.55,-0.01,-0.02,0.4,1.3,0.17,0.35,0.9200000166893005,-0.5199999809265137,0.008516311645507812,0.1
1.3475383171575306,0.5556911430897274,0.4,-0.04,0.55,-0.01,-0.03,0.4,1.34,0.17,-0.11,0.949999988079071,0.6000000238418579,0.03364896774291992,0.1
1.392437939779077,-0.31797789674020505,0.46,0.16,0.55,-0.01,-0.03,0.4,1.38,0.18,0.34,0.9300000071525574,-0.47999998927116394,0.02716970443725586,0.1
1.348189951002507,0.511516743424483,0.41,-0.04,0.55,-0.02,-0.03,0.4,1.42,0.18,-0.09,0.9399999976158142,0.550000011920929,0.06871318817138672,0.1
1.393344285223832,-0.3589248324848334,0.47,0.16,0.55,-0.02,-0.03,0.4,1.47,0.19,0.33,0.9200000166893005,-0.5199999809265137,0.05101442337036133,0.1
1.3468010411798392,0.538883333086013,0.41,-0.05,0.55,-0.02,-0.03,0.4,1.51,0.19,-0.12,0.9399999976158142,0.5899999737739563,0.11139917373657227,0.1
1.3948723462949257,-0.3167317815965466,0.45,0.15,0.55,-0.02,-0.03,0.4,1.56,0.19,0.33,0.9399999976158142,-0.4699999988079071,0.030017375946044922,0.1
1.357943468109731,0.49848790911078655,0.42,-0.04,0.55,-0.02,-0.03,0.4,1.6,0.2,-0.1,0.9399999976158142,0.5400000214576721,0.11547970771789551,0.1
1.3947747716757803,-0.3631913968900266,0.47,0.16,0.55,-0.02,-0.03,0.4,1.65,0.21,0.32,0.9200000166893005,-0.5199999809265137,0.05734419822692871,0.1
1.346433261032314,0.5360370013890505,0.41,-0.05,0.55,-0.02,-0.03,0.4,1.69,0.21,-0.13,0.9399999976158142,0.5899999737739563,0.002261638641357422,0.1
1.3861406441145614,-0.3221537153183317,0.45,0.15,0.55,-0.02,-0.03,0.4,1.74,0.21,0.32,0.9399999976158142,-0.4699999988079071,0.04275155067443848,0.1
1.357686873970183,0.49598101054954147,0.42,-0.04,0.55,-0.02,-0.03,0.4,1.78,0.22,-0.1,0.9399999976158142,0.5400000214576721,0.02217721939086914,0.1
1.3860418194576931,-0.3286558844226872,0.47,0.15,0.55,-0.02,-0.04,0.4,1.83,0.22,0.31,0.9200000166893005,-0.47999998927116394,0.02804279327392578,0.1
1.3573685101235555,0.5330582666071597,0.42,-0.05,0.55,-0.02,-0.04,0.4,1.87,0.23,-0.11,0.9399999976158142,0.5799999833106995,0.08247876167297363,0.1
1.393719304758562,-0.36168253707463227,0.46,0.16,0.55,-0.02,-0.04,0.4,1.92,0.23,0.33,0.9300000071525574,-0.5199999809265137,0.13989901542663574,0.1
1.3468289866462433,0.5497332764219662,0.4,-0.05,0.55,-0.02,-0.04,0.4,1.96,0.24,-0.13,0.949999988079071,0.6000000238418579,0.058635711669921875,0.1
1.39410032250944,-0.35445933683372,0.45,0.16,0.55,-0.02,-0.04,0.4,2.01,0.24,0.33,0.9399999976158142,-0.5099999904632568,0.07387900352478027,0.1
1.3470022527933379,0.5405109418536417,0.41,-0.05,0.55,-0.02,-0.04,0.4,2.05,0.25,-0.12,0.9399999976158142,0.5899999737739563,0.03620624542236328,0.1
1.3944104954089644,-0.3153678563038941,0.45,0.15,0.55,-0.02,-0.04,0.4,2.09,0.25,0.33,0.9399999976158142,-0.4699999988079071,0.03823733329772949,0.1
1.3580661235157607,0.499741924445889,0.42,-0.04,0.55,-0.02,-0.04,0.4,2.14,0.26,-0.1,0.9399999976158142,0.5400000214576721,0.03177475929260254,0.1
1.394460205167592,-0.36224216163015005,0.47,0.16,0.55,-0.02,-0.04,0.4,2.18,0.26,0.32,0.9200000166893005,-0.5199999809265137,0.027356624603271484,0.1
1.3464870207790902,0.4964434997131848,0.41,-0.05,0.55,-0.03,-0.05,0.4,2.22,0.26,-0.13,0.9399999976158142,0.550000011920929,0.015418291091918945,0.1
1.3882769056008624,-0.33723345135487937,0.46,0.14,0.55,-0.03,-0.05,0.4,2.27,0.27,0.3,0.9300000071525574,-0.47999998927116394,0.07763528823852539,0.1
1.3567751728699342,0.4880533825683509,0.42,-0.05,0.55,-0.03,-0.05,0.4,2.31,0.27,-0.12,0.9399999976158142,0.5400000214576721,0.09721779823303223,0.1
1.387969857426297,-0.3847270277265062,0.47,0.15,0.55,-0.03,-0.05,0.4,2.36,0.28,0.3,0.9200000166893005,-0.5299999713897705,0.009721517562866211,0.1
1.3450847252332525,0.5267041330645876,0.41,-0.06,0.55,-0.03,-0.05,0.4,2.4,0.28,-0.15,0.9399999976158142,0.5899999737739563,0.007456302642822266,0.1
1.3789075112497615,-0.33230397680412405,0.44,0.14,0.55,-0.03,-0.05,0.4,2.45,0.28,0.3,0.9399999976158142,-0.4699999988079071,0.0027735233306884766,0.1
1.35690772056972,0.4885237723234369,0.43,-0.05,0.55,-0.03,-0.05,0.4,2.49,0.29,-0.12,0.9300000071525574,0.5400000214576721,0.02886962890625,0.1
1.3876783757932984,-0.3837913792147823,0.47,0.15,0.55,-0.03,-0.05,0.4,2.54,0.29,0.3,0.9200000166893005,-0.5299999713897705,0.0028624534606933594,0.1
1.3452105066610915,0.5275144285713489,0.41,-0.06,0.55,-0.03,-0.05,0.4,2.58,0.29,-0.15,0.9399999976158142,0.5899999737739563,0.001953601837158203,0.1
1.378631241574614,-0.33142643775401825,0.44,0.14,0.55,-0.03,-0.06,0.4,2.63,0.3,0.31,0.9399999976158142,-0.4699999988079071,0.009111404418945312,0.1
1.3570793489025457,0.49055495365269125,0.42,-0.05,0.55,-0.03,-0.06,0.4,2.67,0.3,-0.12,0.9399999976158142,0.5400000214576721,0.0250856876373291,0.1
1.3873850234474867,-0.3828563155372322,0.47,0.15,0.55,-0.03,-0.06,0.4,2.72,0.31,0.31,0.9200000166893005,-0.5299999713897705,0.04838705062866211,0.1
1.3452727895906424,0.527919670255629,0.41,-0.06,0.55,-0.03,-0.06,0.4,2.76,0.31,-0.15,0.9399999976158142,0.5899999737739563,0.03477931022644043,0.1
1.378631241574614,-0.3314264377540183,0.44,0.14,0.55,-0.03,-0.06,0.4,2.8,0.31,0.31,0.9399999976158142,-0.4699999988079071,0.0018215179443359375,0.1
1.3570793489025457,0.49055495365269125,0.42,-0.05,0.55,-0.03,-0.06,0.4,2.84,0.32,-0.12,0.9399999976158142,0.5400000214576721,0.008445978164672852,0.1
1.3873850234474867,-0.3828563155372322,0.47,0.15,0.55,-0.03,-0.06,0.4,2.89,0.32,0.31,0.9200000166893005,-0.5299999713897705,0.0019867420196533203,0.1
1.3452727895906424,0.4879197084026017,0.41,-0.06,0.55,-0.04,-0.06,0.4,2.93,0.32,-0.15,0.9399999976158142,0.550000011920929,0.0016467571258544922,0.1
1.3907757844551143,-0.34695417009818164,0.45,0.13,0.55,-0.04,-0.07,0.4,2.98,0.33,0.29,0.9399999976158142,-0.47999998927116394,0.04585099220275879,0.1
1.355912040937108,0.48084818735670826,0.43,-0.06,0.55,-0.04,-0.07,0.4,3.02,0.33,-0.14,0.9300000071525574,0.5400000214576721,0.02326798439025879,0.1
1.3899570673986519,-0.38274291287619255,0.46,0.14,0.55,-0.04,-0.07,0.4,3.07,0.33,0.29,0.9300000071525574,-0.5199999809265137,0.029845476150512695,0.1
1.354702162951491,0.5235009958427055,0.41,-0.07,0.55,-0.04,-0.07,0.4,3.11,0.34,-0.16,0.9399999976158142,0.5899999737739563,0.025619029998779297,0.1
1.379318623613811,-0.3736213086569271,0.44,0.14,0.55,-0.04,-0.07,0.4,3.16,0.34,0.3,0.9399999976158142,-0.5099999904632568,0.06072592735290527,0.1
1.3455178679645134,0.4895412918893606,0.41,-0.06,0.55,-0.04,-0.07,0.4,3.2,0.34,-0.15,0.9399999976158142,0.550000011920929,0.10603165626525879,0.1
1.3903746191067818,-0.3456024434718912,0.45,0.13,0.55,-0.04,-0.07,0.4,3.24,0.35,0.29,0.9399999976158142,-0.47999998927116394,0.02440786361694336,0.1
1.356029492702657,0.48170012916002347,0.43,-0.06,0.55,-0.04,-0.07,0.4,3.28,0.35,-0.14,0.9300000071525574,0.5400000214576721,0.10538029670715332,0.1
1.3896816335317468,-0.38182327388302095,0.46,0.14,0.55,-0.04,-0.08,0.4,3.33,0.35,0.29,0.9300000071525574,-0.5199999809265137,0.12535333633422852,0.1
1.354834331414634,0.5243305326183523,0.41,-0.07,0.55,-0.04,-0.08,0.4,3.37,0.36,-0.16,0.9399999976158142,0.5899999737739563,0.017087697982788086,0.1
1.3791820252954399,-0.3731820582934841,0.44,0.14,0.55,-0.04,-0.08,0.4,3.42,0.36,0.3,0.9399999976158142,-0.5099999904632568,0.015192270278930664,0.1
1.3455781239155502,0.48994683992148047,0.41,-0.06,0.55,-0.04,-0.08,0.4,3.46,0.36,-0.15,0.9399999976158142,0.550000011920929,0.1213080883026123,0.1
1.3903746191067818,-0.3456024434718912,0.45,0.13,0.55,-0.04,-0.08,0.4,3.51,0.37,0.29,0.9399999976158142,-0.47999998927116394,0.08515453338623047,0.1
1.356029492702657,0.44170010770235135,0.43,-0.06,0.55,-0.05,-0.08,0.4,3.55,0.37,-0.14,0.9300000071525574,0.5,0.0356597900390625,0.1
1.3922477559085868,-0.3993015674122432,0.47,0.13,0.55,-0.05,-0.08,0.4,3.6,0.37,0.27,0.9200000166893005,-0.5299999713897705,0.0041484832763671875,0.1
1.3532893343879737,0.475220842960392,0.41,-0.07,0.55,-0.05,-0.09,0.4,3.64,0.37,-0.18,0.9399999976158142,0.550000011920929,0.02493762969970703,0.1
1.3837007037703613,-0.3486340919066847,0.44,0.12,0.55,-0.05,-0.09,0.4,3.68,0.38,0.27,0.9399999976158142,-0.4699999988079071,0.04517483711242676,0.1
1.3551248262188698,0.46468228517955523,0.44,-0.07,0.55,-0.05,-0.09,0.4,3.73,0.38,-0.15,0.9200000166893005,0.5299999713897705,0.10900259017944336,0.1
1.392211987292085,-0.3919206446031702,0.45,0.13,0.55,-0.05,-0.09,0.4,3.77,0.38,0.28,0.9399999976158142,-0.5199999809265137,0.09209585189819336,0.1
1.3538026587484273,0.4781156767736398,0.41,-0.07,0.55,-0.05,-0.09,0.4,3.82,0.38,-0.17,0.9399999976158142,0.550000011920929,0.0320284366607666,0.1
1.3830883305170363,-0.3464171146903408,0.44,0.12,0.55,-0.05,-0.09,0.4,3.86,0.39,0.27,0.9399999976158142,-0.4699999988079071,0.06361198425292969,0.1
1.3553826152731543,0.42642334046411157,0.44,-0.06,0.55,-0.05,-0.09,0.4,3.91,0.39,-0.15,0.9200000166893005,0.49000000953674316,0.0062503814697265625,0.1
1.3942353046957674,-0.3579934791376174,0.46,0.12,0.55,-0.05,-0.1,0.4,3.95,0.39,0.26,0.9300000071525574,-0.47999998927116394,0.0017092227935791016,0.1
1.3643800118378333,0.4699000105474038,0.43,-0.07,0.55,-0.05,-0.1,0.4,4.0,0.39,-0.16,0.9300000071525574,0.5400000214576721,0.001926422119140625,0.1
1.3924672413702817,-0.39282532413816085,0.45,0.13,0.55,-0.05,-0.1,0.4,4.04,0.4,0.27,0.9399999976158142,-0.5199999809265137,0.001889944076538086,0.1
1.3537305675239475,0.4377018886659667,0.41,-0.07,0.55,-0.06,-0.1,0.4,4.08,0.4,-0.17,0.9399999976158142,0.5099999904632568,0.03444790840148926,0.1
1.3853888453565604,-0.40372012007688796,0.46,0.12,0.55,-0.06,-0.1,0.4,4.13,0.4,0.25,0.9300000071525574,-0.5199999809265137,0.04666614532470703,0.1
1.362098555651479,0.4579463359571872,0.42,-0.08,0.55,-0.06,-0.1,0.4,4.17,0.4,-0.19,0.9399999976158142,0.5400000214576721,0.049614667892456055,0.1
1.3758990376172184,-0.35823226229215666,0.44,0.11,0.55,-0.06,-0.11,0.4,4.22,0.4,0.25,0.9399999976158142,-0.4699999988079071,0.06629037857055664,0.1
1.3641677574119973,0.4285971664801976,0.43,-0.07,0.55,-0.06,-0.11,0.4,4.26,0.41,-0.16,0.9300000071525574,0.5,0.00970149040222168,0.1
1.38550489750363,-0.4041755669791194,0.46,0.12,0.55,-0.06,-0.11,0.4,4.31,0.41,0.25,0.9300000071525574,-0.5199999809265137,0.0019545555114746094,0.1
1.362098555651479,0.4579463359571872,0.42,-0.08,0.55,-0.06,-0.11,0.4,4.35,0.41,-0.19,0.9399999976158142,0.5400000214576721,0.01677846908569336,0.1
1.3758990376172184,-0.35823226229215666,0.44,0.11,0.55,-0.06,-0.11,0.4,4.4,0.41,0.25,0.9399999976158142,-0.4699999988079071,0.004174709320068359,0.1
1.3641677574119973,0.4285971664801976,0.43,-0.07,0.55,-0.06,-0.12,0.4,4.44,0.41,-0.16,0.9300000071525574,0.5,0.01217961311340332,0.1
1.38550489750363,-0.4041755669791194,0.46,0.12,0.55,-0.06,-0.12,0.4,4.49,0.41,0.25,0.9300000071525574,-0.5199999809265137,0.18670868873596191,0.1
1.362098555651479,0.4179463144995151,0.42,-0.08,0.55,-0.07,-0.12,0.4,4.53,0.42,-0.19,0.9399999976158142,0.5,0.004161834716796875,0.1
1.3879911850183824,-0.37557826734685806,0.45,0.1,0.55,-0.07,-0.12,0.4,4.57,0.42,0.23,0.9399999976158142,-0.47999998927116394,0.005588531494140625,0.1
1.3623213294729046,0.4072240694491246,0.44,-0.08,0.55,-0.07,-0.12,0.4,4.62,0.42,-0.18,0.9200000166893005,0.49000000953674316,0.04959678649902344,0.1
1.3880481484256393,-0.4146818900006205,0.46,0.11,0.55,-0.07,-0.12,0.4,4.67,0.42,0.23,0.9300000071525574,-0.5199999809265137,0.03506636619567871,0.1
1.3603336096311827,0.4482776655253883,0.43,-0.09,0.55,-0.07,-0.13,0.4,4.71,0.42,-0.21,0.9300000071525574,0.5400000214576721,0.008832454681396484,0.1
1.3777005407624492,-0.3666934780343716,0.43,0.1,0.55,-0.07,-0.13,0.4,4.75,0.42,0.24,0.949999988079071,-0.4699999988079071,0.1026151180267334,0.1
1.3630483889842089,0.4112082599252999,0.44,-0.08,0.55,-0.07,-0.13,0.4,4.8,0.42,-0.18,0.9200000166893005,0.49000000953674316,0.00496673583984375,0.1
1.3872997056761902,-0.4114781594794217,0.46,0.11,0.55,-0.07,-0.13,0.4,4.84,0.42,0.23,0.9300000071525574,-0.5199999809265137,0.03428244590759277,0.1
1.3607868403411396,0.4504304710995698,0.43,-0.09,0.55,-0.07,-0.13,0.4,4.89,0.42,-0.2,0.9300000071525574,0.5400000214576721,0.01835918426513672,0.1
1.376994901584137,-0.4425967814959718,0.44,0.11,0.54,-0.08,-0.14,0.4,4.93,0.42,0.24,0.9399999976158142,-0.550000011920929,0.02341175079345703,0.1
1.3498227484439222,0.40700072099954937,0.42,-0.09,0.54,-0.08,-0.14,0.4,4.98,0.42,-0.22,0.9300000071525574,0.5,0.002043485641479492,0.1
1.380113909241681,-0.3761930438771623,0.44,0.09,0.54,-0.08,-0.14,0.4,5.02,0.42,0.21,0.9399999976158142,-0.4699999988079071,0.03731656074523926,0.1
1.3512819041509476,0.40086740345402905,0.45,-0.09,0.54,-0.08,-0.14,0.4,5.07,0.42,-0.2,0.8999999761581421,0.49000000953674316,0.02108144760131836,0.1
1.3792119701665473,-0.42096154250426415,0.45,0.1,0.54,-0.08,-0.15,0.4,5.11,0.42,0.22,0.9300000071525574,-0.5199999809265137,0.09369945526123047,0.1
1.3493494066472396,0.4326751445288338,0.44,-0.1,0.54,-0.08,-0.15,0.4,5.16,0.42,-0.22,0.9100000262260437,0.5299999713897705,0.011087894439697266,0.1
1.3690073570544405,-0.41226214954430984,0.43,0.1,0.54,-0.08,-0.15,0.4,5.2,0.42,0.22,0.9399999976158142,-0.5099999904632568,0.04449605941772461,0.1
1.3503336191679258,0.4082776440677162,0.43,-0.09,0.54,-0.08,-0.15,0.4,5.24,0.42,-0.21,0.9200000166893005,0.5,0.050351619720458984,0.1
1.379735161515966,-0.4544333564928641,0.44,0.1,0.54,-0.09,-0.16,0.4,5.29,0.42,0.21,0.9399999976158142,-0.550000011920929,0.04087424278259277,0.1
1.3475970490188642,0.39626583039832064,0.43,-0.1,0.54,-0.09,-0.16,0.4,5.33,0.42,-0.24,0.9200000166893005,0.5,0.012961387634277344,0.1
1.3718306233330573,-0.37560622484933426,0.43,0.08,0.54,-0.09,-0.16,0.4,5.38,0.42,0.19,0.9399999976158142,-0.46000000834465027,0.004155874252319336,0.1
1.3503490811047758,0.33524395006228186,0.46,-0.09,0.54,-0.09,-0.16,0.4,5.42,0.42,-0.2,0.8899999856948853,0.4300000071525574,0.008433103561401367,0.1
1.3830648993853198,-0.3995579951777689,0.46,0.08,0.54,-0.09,-0.17,0.4,5.47,0.42,0.17,0.9200000166893005,-0.47999998927116394,0.11465930938720703,0.1
1.3478365748305623,0.4137660049649168,0.46,-0.11,0.54,-0.09,-0.17,0.4,5.52,0.42,-0.23,0.8899999856948853,0.5199999809265137,0.15071916580200195,0.1
1.3705161840170894,-0.4191384846068029,0.43,0.09,0.54,-0.09,-0.17,0.4,5.56,0.42,0.21,0.9399999976158142,-0.5099999904632568,0.04212522506713867,0.1
1.3489565935875696,0.39091856843808814,0.44,-0.1,0.54,-0.09,-0.17,0.4,5.6,0.42,-0.22,0.9100000262260437,0.49000000953674316,0.09317445755004883,0.1
1.3812078778632608,-0.4614810511975067,0.44,0.09,0.54,-0.1,-0.18,0.4,5.65,0.42,0.2,0.9399999976158142,-0.550000011920929,0.010854721069335938,0.1
1.3460106159958338,0.3786682278722079,0.44,-0.11,0.54,-0.1,-0.18,0.4,5.69,0.42,-0.25,0.9100000262260437,0.49000000953674316,0.06830787658691406,0.1
1.3732028505263911,-0.43295916862095674,0.43,0.08,0.54,-0.1,-0.18,0.4,5.74,0.42,0.18,0.9399999976158142,-0.5099999904632568,0.01880502700805664,0.1
1.3459645284320239,0.3659985166205351,0.46,-0.11,0.54,-0.1,-0.19,0.4,5.78,0.42,-0.24,0.8899999856948853,0.47999998927116394,0.09305667877197266,0.1
1.3735826380062075,-0.3851261547501217,0.43,0.07,0.54,-0.1,-0.19,0.4,5.83,0.41,0.17,0.9399999976158142,-0.46000000834465027,0.002736330032348633,0.1
1.3484307709103192,0.32524978807374016,0.47,-0.1,0.54,-0.1,-0.19,0.4,5.87,0.41,-0.22,0.8799999952316284,0.4300000071525574,0.028059720993041992,0.1
1.384219390226075,-0.44651274915714717,0.46,0.07,0.54,-0.11,-0.2,0.4,5.92,0.41,0.16,0.9200000166893005,-0.5199999809265137,0.0037026405334472656,0.1
1.3539607019174118,0.35826396556364715,0.45,-0.12,0.54,-0.11,-0.2,0.4,5.97,0.41,-0.26,0.8999999761581421,0.47999998927116394,0.0547947883605957,0.1
1.374519333469724,-0.440768879183161,0.43,0.07,0.54,-0.11,-0.2,0.4,6.01,0.41,0.16,0.9399999976158142,-0.5099999904632568,0.03640437126159668,0.1
1.3543238666189887,0.3596263935097984,0.45,-0.12,0.54,-0.11,-0.21,0.4,6.06,0.4,-0.26,0.8999999761581421,0.47999998927116394,0.07256841659545898,0.1
1.3743800023010901,-0.43989997955298854,0.43,0.07,0.54,-0.11,-0.21,0.4,6.1,0.4,0.16,0.9399999976158142,-0.5099999904632568,0.0019278526306152344,0.1
1.3545637050025352,0.31053529931345975,0.45,-0.12,0.54,-0.12,-0.21,0.4,6.15,0.4,-0.26,0.8999999761581421,0.4300000071525574,0.0019855499267578125,0.1
1.3763186375693823,-0.4525571480644899,0.45,0.06,0.54,-0.12,-0.22,0.4,6.19,0.4,0.13,0.9300000071525574,-0.5099999904632568,0.0336759090423584,0.1
1.3409171695406494,0.3745857226668411,0.47,-0.14,0.54,-0.12,-0.22,0.4,6.24,0.39,-0.28,0.8700000047683716,0.5099999904632568,0.020353317260742188,0.1
1.3745760144941688,-0.47191773452805813,0.42,0.07,0.54,-0.12,-0.22,0.4,6.28,0.39,0.16,0.949999988079071,-0.5400000214576721,0.04527997970581055,0.1
1.352339819043414,0.35237292890179095,0.45,-0.13,0.54,-0.12,-0.23,0.4,6.33,0.39,-0.27,0.8999999761581421,0.47999998927116394,0.05554556846618652,0.1
1.3653624227594399,-0.4870174168971171,0.43,0.06,0.54,-0.13,-0.23,0.4,6.37,0.38,0.15,0.9399999976158142,-0.550000011920929,0.05244302749633789,0.1
1.3405087795219606,0.30605289356173737,0.45,-0.13,0.53,-0.13,-0.24,0.4,6.42,0.38,-0.29,0.8899999856948853,0.4399999976158142,0.0023190975189208984,0.1
1.3673887740274986,-0.46213490285633496,0.44,0.05,0.53,-0.13,-0.24,0.4,6.46,0.38,0.11,0.9300000071525574,-0.5099999904632568,0.014424562454223633,0.1
1.3184010449344632,0.3546300749381786,0.48,-0.15,0.53,-0.13,-0.25,0.4,6.51,0.37,-0.3,0.8399999737739563,0.5,0.06936287879943848,0.1
1.3559491161781625,-0.521807795113266,0.42,0.06,0.53,-0.14,-0.25,0.4,6.55,0.37,0.14,0.9399999976158142,-0.5799999833106995,0.0032889842987060547,0.1
1.3375967635411705,0.2866224480241389,0.45,-0.14,0.53,-0.14,-0.26,0.4,6.6,0.37,-0.31,0.8899999856948853,0.4300000071525574,0.015839099884033203,0.1
1.3684114639335652,-0.4726450100301938,0.44,0.04,0.53,-0.14,-0.26,0.4,6.64,0.36,0.08,0.9300000071525574,-0.5099999904632568,0.0879359245300293,0.1
1.3153779729707633,0.34344902697985247,0.49,-0.16,0.53,-0.14,-0.27,0.4,6.69,0.36,-0.31,0.8299999833106995,0.5,0.08198165893554688,0.1
1.3568269111125955,-0.5284701455004871,0.42,0.05,0.53,-0.15,-0.27,0.4,6.74,0.35,0.12,0.9399999976158142,-0.5799999833106995,0.001672983169555664,0.1
1.3254817857075314,0.27855250062804826,0.46,-0.15,0.53,-0.15,-0.28,0.4,6.78,0.35,-0.32,0.8700000047683716,0.4300000071525574,0.17161083221435547,0.1
1.3688231947772427,-0.4782090235661865,0.43,0.03,0.53,-0.15,-0.28,0.4,6.83,0.34,0.07,0.9399999976158142,-0.5099999904632568,0.002706289291381836,0.1
1.3239493660218136,0.24908702074143038,0.48,-0.16,0.53,-0.16,-0.29,0.4,6.88,0.33,-0.32,0.8399999737739563,0.4099999964237213,0.07975196838378906,0.1
1.3694052611867693,-0.4871303003225985,0.44,0.02,0.53,-0.16,-0.3,0.4,6.92,0.33,0.05,0.9300000071525574,-0.5099999904632568,0.03905940055847168,0.1
1.2909221674434022,0.2885490322110375,0.49,-0.17,0.52,-0.16,-0.3,0.4,6.97,0.32,-0.34,0.800000011920929,0.46000000834465027,0.029770851135253906,0.1
1.3588505622851166,-0.5489483412251889,0.42,0.03,0.52,-0.17,-0.31,0.4,7.01,0.32,0.07,0.9399999976158142,-0.5799999833106995,0.20348381996154785,0.1
1.2981997021453107,0.28272892207440015,0.48,-0.18,0.52,-0.17,-0.32,0.4,7.06,0.31,-0.36,0.8199999928474426,0.46000000834465027,0.05496358871459961,0.1
1.3592442243886,-0.5948151220470049,0.42,0.03,0.52,-0.18,-0.33,0.4,7.1,0.3,0.06,0.9399999976158142,-0.6200000047683716,0.026210546493530273,0.1
1.2861146232569425,0.225358222586822,0.49,-0.18,0.52,-0.18,-0.34,0.4,7.15,0.3,-0.36,0.800000011920929,0.4099999964237213,0.0018229484558105469,0.1
1.3599636726642723,-0.5844101312242926,0.43,0.01,0.52,-0.19,-0.34,0.4,7.2,0.29,0.01,0.9300000071525574,-0.5899999737739563,0.03906393051147461,0.1
1.2702680824344341,0.24669768456614705,0.5,-0.2,0.52,-0.19,-0.35,0.4,7.25,0.28,-0.39,0.7699999809265137,0.44999998807907104,0.0016434192657470703,0.1
1.3499319689896176,-0.6224404034650151,0.42,0.01,0.51,-0.2,-0.36,0.4,7.29,0.27,0.02,0.9300000071525574,-0.6299999952316284,0.0019855499267578125,0.1
1.250673705308007,0.19769864458800382,0.5,-0.2,0.51,-0.2,-0.38,0.4,7.34,0.26,-0.38,0.75,0.4000000059604645,0.10403227806091309,0.1
1.3499206086152333,-0.6083595208576036,0.44,-0.01,0.51,-0.21,-0.39,0.4,7.39,0.25,-0.02,0.9100000262260437,-0.6000000238418579,0.003820657730102539,0.1
1.2153569648800973,0.170894562524881,0.52,-0.22,0.51,-0.22,-0.41,0.4,7.44,0.24,-0.4,0.699999988079071,0.38999998569488525,0.0019001960754394531,0.1
1.3394500907319273,-0.6219908583209565,0.44,-0.02,0.5,-0.22,-0.42,0.4,7.48,0.23,-0.05,0.8999999761581421,-0.6000000238418579,0.0019958019256591797,0.1
1.1600635232401637,0.18455857957903551,0.53,-0.24,0.5,-0.23,-0.44,0.4,7.54,0.22,-0.42,0.6299999952316284,0.41999998688697815,0.03721928596496582,0.1
1.3295251285793226,-0.6902025768627437,0.43,-0.02,0.49,-0.24,-0.46,0.4,7.58,0.21,-0.05,0.8999999761581421,-0.6700000166893005,0.038907527923583984,0.1
1.1405333646876414,-0.004380805903694024,0.53,-0.23,0.49,-0.26,-0.49,0.4,7.64,0.19,-0.42,0.6100000143051147,0.23000000417232513,0.0016355514526367188,0.1
1.2488060100338694,-0.5552077598049943,0.49,-0.11,0.48,-0.27,-0.51,0.4,7.68,0.18,-0.21,0.7599999904632568,-0.44999998807907104,0.013220787048339844,0.1
0.9007400196756101,0.09894398071443355,0.57,-0.31,0.47,-0.29,-0.55,0.4,7.75,0.16,-0.5,0.33000001311302185,0.4099999964237213,0.016516685485839844,0.1
1.2843097113379227,-0.7705343438716254,0.43,-0.07,0.46,-0.3,-0.59,0.4,7.79,0.14,-0.16,0.8500000238418579,-0.699999988079071,0.08572173118591309,0.1
